84,01.03 00:00,12.916
84,01.03 01:00,14.424
84,01.03 02:00,14.321
84,01.03 03:00,12.968
84,01.03 04:00,11.593
84,01.03 05:00,8.752
84,01.03 06:00,8.418
84,01.03 07:00,7.856
84,01.03 08:00,11.748
84,01.03 09:00,14.592
84,01.03 10:00,19.857
84,01.03 11:00,24.011
84,01.03 12:00,25.011
84,01.03 13:00,25.416
84,01.03 14:00,25.975
84,01.03 15:00,28.641
84,01.03 16:00,24.213
84,01.03 17:00,23.395
84,01.03 18:00,23.844
84,01.03 19:00,23.327
84,01.03 20:00,24.693
84,01.03 21:00,23.215
84,01.03 22:00,22.977
84,01.03 23:00,22.984
84,02.03 00:00,22.665
84,02.03 01:00,24.187
84,02.03 02:00,21.909
84,02.03 03:00,22.356
84,02.03 04:00,22.354
84,02.03 05:00,22.176
84,02.03 06:00,23.773
84,02.03 07:00,20.548
84,02.03 08:00,20.494
84,02.03 09:00,23.365
84,02.03 10:00,22.975
84,02.03 11:00,28.175
84,02.03 12:00,27.952
84,02.03 13:00,27.452
84,02.03 14:00,24.007
84,02.03 15:00,26.429
84,02.03 16:00,23.973
84,02.03 17:00,22.098
84,02.03 18:00,23.684
84,02.03 19:00,24.932
84,02.03 20:00,22.921
84,02.03 21:00,13.773
84,02.03 22:00,10.459
84,02.03 23:00,10.643
84,03.03 00:00,9.832
84,03.03 01:00,8.468
84,03.03 02:00,9.229
84,03.03 03:00,9.958
84,03.03 04:00,8.941
84,03.03 05:00,7.261
84,03.03 06:00,7.876
84,03.03 07:00,7.409
84,03.03 08:00,8.428
84,03.03 09:00,10.692
84,03.03 10:00,23.11
84,03.03 11:00,22.499
84,03.03 12:00,24.144
84,03.03 13:00,24.563
84,03.03 14:00,25.593
84,03.03 15:00,26.469
84,03.03 16:00,23.657
84,03.03 17:00,21.866
84,03.03 18:00,22.335
84,03.03 19:00,22.066
84,03.03 20:00,23.06
84,03.03 21:00,21.269
84,03.03 22:00,21.484
84,03.03 23:00,21.286
84,04.03 00:00,20.981
84,04.03 01:00,22.522
84,04.03 02:00,20.791
84,04.03 03:00,20.382
84,04.03 04:00,20.721
84,04.03 05:00,20.788
84,04.03 06:00,21.977
84,04.03 07:00,20.739
84,04.03 08:00,20.517
84,04.03 09:00,21.3
84,04.03 10:00,24.535
84,04.03 11:00,23.897
84,04.03 12:00,27.651
84,04.03 13:00,26.699
84,04.03 14:00,27.009
84,04.03 15:00,27.97
84,04.03 16:00,22.874
84,04.03 17:00,21.858
84,04.03 18:00,20.737
84,04.03 19:00,20.584
84,04.03 20:00,20.752
84,04.03 21:00,20.312
84,04.03 22:00,21.934
84,04.03 23:00,20.247
84,05.03 00:00,19.892
84,05.03 01:00,19.901
84,05.03 02:00,18.941
84,05.03 03:00,18.88
84,05.03 04:00,20.149
84,05.03 05:00,18.888
84,05.03 06:00,17.727
84,05.03 07:00,17.265
84,05.03 08:00,16.373
84,05.03 09:00,20.039
84,05.03 10:00,20.417
84,05.03 11:00,23.068
84,05.03 12:00,23.106
84,05.03 13:00,25.252
84,05.03 14:00,23.177
84,05.03 15:00,22.701
84,05.03 16:00,21.45
84,05.03 17:00,20.333
84,05.03 18:00,22.424
84,05.03 19:00,20.434
84,05.03 20:00,19.847
84,05.03 21:00,19.595
84,05.03 22:00,19.898
84,05.03 23:00,20.272
84,06.03 00:00,19.524
84,06.03 01:00,18.76
84,06.03 02:00,18.965
84,06.03 03:00,17.559
84,06.03 04:00,17.56
84,06.03 05:00,16.973
84,06.03 06:00,18.379
84,06.03 07:00,17.195
84,06.03 08:00,17.08
84,06.03 09:00,17.215
84,06.03 10:00,18.26
84,06.03 11:00,19.951
84,06.03 12:00,23.674
84,06.03 13:00,23.76
84,06.03 14:00,23.356
84,06.03 15:00,23.85
84,06.03 16:00,18.299
84,06.03 17:00,15.45
84,06.03 18:00,13.74
84,06.03 19:00,13.808
84,06.03 20:00,13.336
84,06.03 21:00,13.7
84,06.03 22:00,13.878
84,06.03 23:00,13.002
84,07.03 00:00,13.435
84,07.03 01:00,12.298
84,07.03 02:00,13.625
84,07.03 03:00,12.905
84,07.03 04:00,13.252
84,07.03 05:00,12.411
84,07.03 06:00,11.149
84,07.03 07:00,12.531
84,07.03 08:00,12.223
84,07.03 09:00,12.258
84,07.03 10:00,13.784
84,07.03 11:00,14.265
84,07.03 12:00,19.747
84,07.03 13:00,16.023
84,07.03 14:00,14.635
84,07.03 15:00,12.881
84,07.03 16:00,12.385
84,07.03 17:00,12.523
84,07.03 18:00,15.475
84,07.03 19:00,14.325
84,07.03 20:00,13.993
84,07.03 21:00,13.851
84,07.03 22:00,12.841
84,07.03 23:00,13.166
84,08.03 00:00,17.728
84,08.03 01:00,17.526
84,08.03 02:00,17.318
84,08.03 03:00,17.254
84,08.03 04:00,16.468
84,08.03 05:00,12.221
84,08.03 06:00,11.663
84,08.03 07:00,14.088
84,08.03 08:00,13.617
84,08.03 09:00,14.734
84,08.03 10:00,19.56
84,08.03 11:00,23.556
84,08.03 12:00,23.034
84,08.03 13:00,21.856
84,08.03 14:00,21.793
84,08.03 15:00,22.922
84,08.03 16:00,19.446
84,08.03 17:00,17.962
84,08.03 18:00,17.942
84,08.03 19:00,18.115
84,08.03 20:00,18.789
84,08.03 21:00,18.806
84,08.03 22:00,17.605
84,08.03 23:00,17.721
84,09.03 00:00,17.435
84,09.03 01:00,18.089
84,09.03 02:00,18.325
84,09.03 03:00,16.82
84,09.03 04:00,17.189
84,09.03 05:00,16.82
84,09.03 06:00,17.112
84,09.03 07:00,17.649
84,09.03 08:00,20.366
84,09.03 09:00,24.532
84,09.03 10:00,23.436
84,09.03 11:00,27.231
84,09.03 12:00,26.525
84,09.03 13:00,24.981
84,09.03 14:00,23.484
84,09.03 15:00,25.835
84,09.03 16:00,20.127
84,09.03 17:00,20.171
84,09.03 18:00,22.19
84,09.03 19:00,19.451
84,09.03 20:00,19.61
84,09.03 21:00,19.558
84,09.03 22:00,19.168
84,09.03 23:00,19.12
84,10.03 00:00,20.264
84,10.03 01:00,18.662
84,10.03 02:00,18.248
84,10.03 03:00,17.709
84,10.03 04:00,17.712
84,10.03 05:00,17.933
84,10.03 06:00,18.199
84,10.03 07:00,17.831
84,10.03 08:00,18.141
84,10.03 09:00,19.301
84,10.03 10:00,21.491
84,10.03 11:00,24.499
84,10.03 12:00,27.784
84,10.03 13:00,26.617
84,10.03 14:00,28.813
84,10.03 15:00,30.528
84,10.03 16:00,27.342
84,10.03 17:00,23.514
84,10.03 18:00,24.409
84,10.03 19:00,24.047
84,10.03 20:00,23.911
84,10.03 21:00,25.107
84,10.03 22:00,23.259
84,10.03 23:00,23.262
84,11.03 00:00,25.992
84,11.03 01:00,24.97
84,11.03 02:00,26.788
84,11.03 03:00,24.45
84,11.03 04:00,23.24
84,11.03 05:00,19.757
84,11.03 06:00,19.228
84,11.03 07:00,20.035
84,11.03 08:00,20.297
84,11.03 09:00,20.074
84,11.03 10:00,25.077
84,11.03 11:00,24.075
84,11.03 12:00,25.904
84,11.03 13:00,25.764
84,11.03 14:00,27.296
84,11.03 15:00,23.257
84,11.03 16:00,23.23
84,11.03 17:00,24.103
84,11.03 18:00,21.91
84,11.03 19:00,21.563
84,11.03 20:00,21.184
84,11.03 21:00,21.436
84,11.03 22:00,23.068
84,11.03 23:00,21.404
84,12.03 00:00,21.023
84,12.03 01:00,20.648
84,12.03 02:00,20.586
84,12.03 03:00,22.191
84,12.03 04:00,20.261
84,12.03 05:00,20.536
84,12.03 06:00,20.514
84,12.03 07:00,19.233
84,12.03 08:00,20.443
84,12.03 09:00,20.327
84,12.03 10:00,20.089
84,12.03 11:00,23.975
84,12.03 12:00,22.66
84,12.03 13:00,25.907
84,12.03 14:00,25.251
84,12.03 15:00,24.152
84,12.03 16:00,21.918
84,12.03 17:00,23.187
84,12.03 18:00,22.451
84,12.03 19:00,20.874
84,12.03 20:00,21.775
84,12.03 21:00,21.39
84,12.03 22:00,21.04
84,12.03 23:00,22.197
84,13.03 00:00,20.637
84,13.03 01:00,20.545
84,13.03 03:00,20.498
84,13.03 04:00,20.902
84,13.03 05:00,22.637
84,13.03 06:00,20.282
84,13.03 07:00,20.071
84,13.03 08:00,19.412
84,13.03 09:00,19.762
84,13.03 10:00,22.051
84,13.03 11:00,22.201
84,13.03 12:00,25.143
84,13.03 13:00,27.5
84,13.03 14:00,23.984
84,13.03 15:00,25.151
84,13.03 16:00,18.507
84,13.03 17:00,14.527
84,13.03 18:00,15.493
84,13.03 19:00,15.931
84,13.03 20:00,14.57
84,13.03 21:00,13.748
84,13.03 22:00,14.44
84,13.03 23:00,15.006
84,14.03 00:00,18.626
84,14.03 01:00,18.424
84,14.03 02:00,17.543
84,14.03 03:00,17.55
84,14.03 04:00,18.704
84,14.03 05:00,17.374
84,14.03 06:00,17.152
84,14.03 07:00,15.094
84,14.03 08:00,14.749
84,14.03 09:00,15.352
84,14.03 10:00,14.272
84,14.03 11:00,14.709
84,14.03 12:00,15.627
84,14.03 13:00,16.864
84,14.03 14:00,16.925
84,14.03 15:00,15.177
84,14.03 16:00,15.543
84,14.03 17:00,15.705
84,14.03 18:00,17.148
84,14.03 19:00,19.338
84,14.03 20:00,17.055
84,14.03 21:00,17.277
84,14.03 22:00,16.793
84,14.03 23:00,15.985
84,15.03 00:00,20.218
84,15.03 01:00,20.454
84,15.03 02:00,19.189
84,15.03 03:00,18.615
84,15.03 04:00,17.596
84,15.03 05:00,14.677
84,15.03 06:00,12.429
84,15.03 07:00,12.336
84,15.03 08:00,11.512
84,15.03 09:00,12.794
84,15.03 10:00,23.196
84,15.03 11:00,24.254
84,15.03 12:00,26.336
84,15.03 13:00,28.218
84,15.03 14:00,27.878
84,15.03 15:00,30.924
84,15.03 16:00,27.44
84,15.03 17:00,24.414
84,15.03 18:00,24.901
84,15.03 19:00,25.427
84,15.03 20:00,26.219
84,15.03 21:00,24.375
84,15.03 22:00,23.747
84,15.03 23:00,24.102
84,16.03 00:00,28.696
84,16.03 01:00,28.745
84,16.03 02:00,29.115
84,16.03 03:00,28.344
84,16.03 04:00,27.887
84,16.03 05:00,27.088
84,16.03 06:00,25.999
84,16.03 07:00,23.987
84,16.03 08:00,20.279
84,16.03 09:00,20.462
84,16.03 10:00,21.816
84,16.03 11:00,27.565
84,16.03 12:00,29.251
84,16.03 13:00,26.313
84,16.03 14:00,30.717
84,16.03 15:00,28.358
84,16.03 16:00,26.386
84,16.03 17:00,25.825
84,16.03 18:00,24.582
84,16.03 19:00,25.292
84,16.03 20:00,25.616
84,16.03 21:00,25.223
84,16.03 22:00,27.427
84,16.03 23:00,24.723
84,17.03 00:00,24.502
84,17.03 01:00,24.118
84,17.03 02:00,24.401
84,17.03 03:00,25.673
84,17.03 04:00,24.167
84,17.03 05:00,23.69
84,17.03 06:00,24.227
84,17.03 07:00,24.543
84,17.03 08:00,25.844
84,17.03 09:00,23.932
84,17.03 10:00,25.382
84,17.03 11:00,26.503
84,17.03 12:00,26.463
84,17.03 13:00,30.049
84,17.03 14:00,28.575
84,17.03 15:00,28.412
84,17.03 16:00,25.318
84,17.03 17:00,26.148
84,17.03 18:00,24.71
84,17.03 19:00,23.713
84,17.03 20:00,24.59
84,17.03 21:00,23.92
84,17.03 22:00,24.849
84,17.03 23:00,24.183
84,18.03 00:00,25.265
84,18.03 01:00,23.588
84,18.03 02:00,24.973
84,18.03 03:00,24.213
84,18.03 04:00,20.946
84,18.03 05:00,20.667
84,18.03 06:00,20.881
84,18.03 07:00,21.12
84,18.03 08:00,22.332
84,18.03 09:00,22.388
84,18.03 10:00,22.173
84,18.03 11:00,25.555
84,18.03 12:00,22.557
84,18.03 13:00,26.755
84,18.03 14:00,27.137
84,18.03 15:00,24.067
84,18.03 16:00,26.589
84,18.03 17:00,22.006
84,18.03 18:00,22.586
84,18.03 19:00,22.196
84,18.03 20:00,24.833
84,18.03 21:00,22.496
84,18.03 22:00,21.676
84,18.03 23:00,20.578
84,19.03 00:00,22.816
84,19.03 01:00,22.382
84,19.03 02:00,22.726
84,19.03 03:00,20.72
84,19.03 04:00,21.071
84,19.03 05:00,22.3
84,19.03 06:00,21.422
84,19.03 07:00,20.051
84,19.03 08:00,19.958
84,19.03 09:00,19.582
84,19.03 10:00,21.621
84,19.03 11:00,21.051
84,19.03 12:00,19.716
84,19.03 13:00,20.181
84,19.03 14:00,19.668
84,19.03 15:00,21.728
84,19.03 16:00,19.71
84,19.03 17:00,19.897
84,19.03 18:00,19.689
84,19.03 19:00,20.441
84,19.03 20:00,22.179
84,19.03 21:00,20.489
84,19.03 22:00,20.47
84,19.03 23:00,20.366
84,20.03 00:00,21.054
84,20.03 01:00,22.162
84,20.03 02:00,20.557
84,20.03 03:00,19.968
84,20.03 04:00,20.994
84,20.03 05:00,20.338
84,20.03 06:00,21.748
84,20.03 07:00,20.163
84,20.03 08:00,19.154
84,20.03 09:00,18.983
84,20.03 10:00,19.469
84,20.03 11:00,22.406
84,20.03 12:00,21.25
84,20.03 13:00,23.223
84,20.03 14:00,22.657
84,20.03 15:00,23.902
84,20.03 16:00,22.184
84,20.03 17:00,22.264
84,20.03 18:00,22.365
84,20.03 19:00,22.232
84,20.03 20:00,25.593
84,20.03 21:00,24.146
84,20.03 22:00,24.07
84,20.03 23:00,24.021
84,21.03 00:00,28.916
84,21.03 01:00,26.79
84,21.03 02:00,28.803
84,21.03 03:00,24.219
84,21.03 04:00,22.683
84,21.03 05:00,20.592
84,21.03 06:00,20.563
84,21.03 07:00,20.0
84,21.03 08:00,18.505
84,21.03 09:00,18.77
84,21.03 10:00,18.275
84,21.03 11:00,20.934
84,21.03 12:00,21.546
84,21.03 13:00,18.55
84,21.03 14:00,21.412
84,21.03 15:00,20.571
84,21.03 16:00,19.519
84,21.03 17:00,20.425
84,21.03 18:00,22.239
84,21.03 19:00,22.069
84,21.03 20:00,22.206
84,21.03 21:00,21.626
84,21.03 22:00,21.428
84,21.03 23:00,20.301
84,22.03 00:00,20.691
84,22.03 01:00,19.763
84,22.03 02:00,18.034
84,22.03 03:00,20.139
84,22.03 04:00,18.293
84,22.03 05:00,16.842
84,22.03 06:00,17.141
84,22.03 07:00,17.412
84,22.03 08:00,16.141
84,22.03 09:00,18.07
84,22.03 10:00,22.219
84,22.03 11:00,20.099
84,22.03 12:00,19.281
84,22.03 13:00,20.05
84,22.03 14:00,21.019
84,22.03 15:00,21.885
84,22.03 16:00,19.287
84,22.03 17:00,17.897
84,22.03 18:00,20.051
84,22.03 19:00,19.632
84,22.03 20:00,19.27
84,22.03 21:00,18.674
84,22.03 22:00,18.562
84,22.03 23:00,21.131
84,23.03 00:00,24.007
84,23.03 01:00,23.375
84,23.03 02:00,22.607
84,23.03 03:00,22.552
84,23.03 04:00,21.832
84,23.03 05:00,23.562
84,23.03 06:00,20.167
84,23.03 07:00,19.089
84,23.03 08:00,16.549
84,23.03 09:00,19.529
84,23.03 10:00,23.832
84,23.03 11:00,25.053
84,23.03 12:00,23.002
84,23.03 13:00,26.509
84,23.03 14:00,27.962
84,23.03 15:00,23.227
84,23.03 16:00,22.288
84,23.03 17:00,22.439
84,23.03 18:00,22.066
84,23.03 19:00,22.651
84,23.03 20:00,20.985
84,23.03 21:00,20.208
84,23.03 22:00,22.459
84,23.03 23:00,20.179
84,24.03 00:00,20.127
84,24.03 01:00,3.927
84,24.03 05:00,19.77
84,24.03 06:00,19.556
84,24.03 07:00,19.973
84,24.03 08:00,21.784
84,24.03 09:00,21.647
84,24.03 10:00,22.641
84,24.03 11:00,27.165
84,24.03 12:00,19.888
84,24.03 13:00,23.986
84,24.03 14:00,29.709
84,24.03 15:00,28.866
84,24.03 16:00,27.128
84,24.03 17:00,24.135
84,24.03 18:00,25.672
84,24.03 19:00,24.703
84,24.03 20:00,24.358
84,24.03 21:00,23.864
84,24.03 22:00,23.684
84,24.03 23:00,23.968
84,25.03 00:00,25.308
84,25.03 01:00,23.18
84,25.03 02:00,22.892
84,25.03 03:00,22.855
84,25.03 04:00,22.838
84,25.03 05:00,23.129
84,25.03 06:00,23.815
84,25.03 07:00,23.104
84,25.03 08:00,21.758
84,25.03 09:00,22.101
84,25.03 10:00,24.751
84,25.03 11:00,25.752
84,25.03 12:00,24.134
84,25.03 13:00,27.133
84,25.03 14:00,28.627
84,25.03 15:00,25.52
84,25.03 16:00,24.523
84,25.03 17:00,23.195
84,25.03 18:00,23.783
84,25.03 19:00,23.961
84,25.03 20:00,25.259
84,25.03 21:00,23.966
84,25.03 22:00,23.443
84,25.03 23:00,24.033
84,26.03 00:00,23.504
84,26.03 01:00,23.609
84,26.03 02:00,25.501
84,26.03 03:00,23.812
84,26.03 04:00,23.713
84,26.03 05:00,23.528
84,26.03 06:00,23.746
84,26.03 07:00,23.464
84,26.03 08:00,24.207
84,26.03 09:00,22.783
84,26.03 10:00,24.9
84,26.03 11:00,23.41
84,26.03 12:00,23.987
84,26.03 13:00,25.65
84,26.03 14:00,27.166
84,26.03 15:00,26.545
84,26.03 16:00,24.161
84,26.03 17:00,21.875
84,26.03 18:00,22.306
84,26.03 19:00,21.4
84,26.03 20:00,22.778
84,26.03 21:00,20.536
84,26.03 22:00,20.368
84,26.03 23:00,20.645
84,27.03 00:00,21.212
84,27.03 01:00,20.465
84,27.03 02:00,22.297
84,27.03 03:00,21.875
84,27.03 04:00,19.986
84,27.03 05:00,21.292
84,27.03 06:00,20.411
84,27.03 07:00,20.589
84,27.03 08:00,20.648
84,27.03 09:00,20.267
84,27.03 10:00,20.361
84,27.03 11:00,21.513
84,27.03 12:00,21.835
84,27.03 13:00,22.348
84,27.03 14:00,22.255
84,27.03 15:00,24.401
84,27.03 16:00,22.315
84,27.03 17:00,22.072
84,27.03 18:00,22.499
84,27.03 19:00,23.21
84,27.03 20:00,22.562
84,27.03 21:00,23.934
84,27.03 22:00,22.417
84,27.03 23:00,22.23
84,28.03 00:00,21.335
84,28.03 01:00,22.091
84,28.03 02:00,22.779
84,28.03 03:00,21.082
84,28.03 04:00,23.111
84,28.03 05:00,20.26
84,28.03 06:00,20.672
84,28.03 07:00,20.827
84,28.03 08:00,19.235
84,28.03 09:00,17.038
84,28.03 10:00,19.394
84,28.03 11:00,21.74
84,28.03 12:00,21.813
84,28.03 13:00,19.342
84,28.03 14:00,22.593
84,28.03 15:00,25.631
84,28.03 16:00,20.247
84,28.03 17:00,20.125
84,28.03 18:00,19.024
84,28.03 19:00,20.447
84,28.03 20:00,21.671
84,28.03 21:00,19.531
84,28.03 22:00,23.76
84,28.03 23:00,18.956
84,29.03 00:00,21.236
84,29.03 01:00,17.267
84,29.03 02:00,20.235
84,29.03 03:00,20.644
84,29.03 04:00,19.333
84,29.03 05:00,20.562
84,29.03 06:00,17.573
84,29.03 07:00,19.954
84,29.03 08:00,16.916
84,29.03 09:00,24.414
84,29.03 10:00,8.295
84,30.03 16:00,23.887
84,30.03 17:00,21.349
84,30.03 18:00,22.276
84,30.03 19:00,20.31
84,30.03 20:00,22.006
84,30.03 21:00,21.804
84,30.03 22:00,21.779
84,30.03 23:00,20.605
84,31.03 00:00,22.912
84,31.03 01:00,22.003
84,31.03 02:00,21.534
84,31.03 03:00,20.344
84,31.03 04:00,20.174
84,31.03 05:00,18.844
84,31.03 06:00,20.122
84,31.03 07:00,17.445
84,31.03 08:00,16.505
84,31.03 09:00,17.635
84,31.03 10:00,19.976
84,31.03 11:00,17.782
84,31.03 18:00,20.685
84,31.03 19:00,21.405
84,31.03 20:00,21.186
84,31.03 21:00,21.333
84,31.03 22:00,20.69
84,31.03 23:00,20.0
84,01.04 00:00,25.612
84,01.04 01:00,24.661
84,01.04 02:00,25.487
84,01.04 03:00,24.102
84,01.04 04:00,24.713
84,01.04 05:00,19.717
84,01.04 06:00,20.744
84,01.04 07:00,21.273
84,01.04 08:00,19.792
84,01.04 09:00,20.754
84,01.04 10:00,21.401
84,01.04 11:00,23.208
84,01.04 12:00,23.62
84,01.04 13:00,24.827
84,01.04 14:00,23.611
84,01.04 15:00,22.438
84,01.04 16:00,23.093
84,01.04 17:00,22.07
84,01.04 18:00,22.694
84,01.04 19:00,23.827
84,01.04 20:00,22.531
84,01.04 21:00,22.189
84,01.04 22:00,20.08
84,01.04 23:00,22.376
84,02.04 00:00,21.577
84,02.04 01:00,23.213
84,02.04 02:00,23.268
84,02.04 03:00,21.391
84,02.04 04:00,21.453
84,02.04 05:00,21.603
84,02.04 06:00,21.434
84,02.04 07:00,21.55
84,02.04 08:00,20.736
84,02.04 09:00,21.601
84,02.04 10:00,20.113
84,02.04 11:00,20.25
84,02.04 12:00,19.495
84,02.04 13:00,21.048
84,02.04 14:00,20.841
84,02.04 15:00,22.134
84,02.04 16:00,16.611
84,02.04 17:00,12.945
84,02.04 18:00,12.62
84,02.04 19:00,13.194
84,02.04 20:00,12.765
84,02.04 21:00,12.034
84,02.04 22:00,14.52
84,02.04 23:00,13.676
84,03.04 00:00,13.065
84,03.04 01:00,13.218
84,03.04 02:00,12.396
84,03.04 03:00,12.963
84,03.04 04:00,12.946
84,03.04 05:00,13.897
84,03.04 06:00,12.346
84,03.04 07:00,10.97
84,03.04 08:00,10.801
84,03.04 09:00,10.824
84,03.04 10:00,11.194
84,03.04 11:00,14.475
84,03.04 12:00,22.732
84,03.04 13:00,21.11
84,03.04 14:00,21.121
84,03.04 15:00,20.956
84,03.04 16:00,20.135
84,03.04 17:00,19.535
84,03.04 18:00,19.843
84,03.04 19:00,21.816
84,03.04 20:00,20.068
84,03.04 21:00,19.685
84,03.04 22:00,19.463
84,03.04 23:00,19.959
84,04.04 00:00,23.881
84,04.04 01:00,24.061
84,04.04 02:00,25.212
84,04.04 03:00,23.914
84,04.04 04:00,22.92
84,04.04 05:00,22.711
84,04.04 06:00,23.056
84,04.04 07:00,18.901
84,04.04 08:00,19.388
84,04.04 09:00,20.99
84,04.04 10:00,23.643
84,04.04 11:00,27.842
84,04.04 12:00,23.358
84,04.04 13:00,26.605
84,04.04 14:00,25.558
84,04.04 15:00,24.426
84,04.04 16:00,21.464
84,04.04 17:00,21.539
84,04.04 18:00,21.831
84,04.04 19:00,19.639
84,04.04 20:00,25.863
84,04.04 21:00,21.465
84,04.04 22:00,18.62
84,04.04 23:00,20.832
84,05.04 00:00,23.529
84,05.04 01:00,25.338
84,05.04 02:00,23.763
84,05.04 03:00,23.577
84,05.04 04:00,23.537
84,05.04 05:00,19.345
84,05.04 06:00,19.224
84,05.04 07:00,20.011
84,05.04 08:00,19.33
84,05.04 09:00,20.497
84,05.04 10:00,23.751
84,05.04 11:00,23.369
84,05.04 12:00,25.702
84,05.04 13:00,26.665
84,05.04 14:00,25.052
84,05.04 15:00,26.72
84,05.04 16:00,22.439
84,05.04 17:00,24.787
84,05.04 18:00,21.485
84,05.04 19:00,21.884
84,05.04 20:00,22.845
84,05.04 21:00,21.326
84,05.04 22:00,20.978
84,05.04 23:00,23.004
84,06.04 00:00,25.681
84,06.04 01:00,25.868
84,06.04 02:00,25.379
84,06.04 03:00,24.289
84,06.04 04:00,26.285
84,06.04 05:00,23.812
84,06.04 06:00,23.541
84,06.04 07:00,20.262
84,06.04 08:00,19.55
84,06.04 09:00,17.445
84,06.04 10:00,19.468
84,06.04 11:00,23.729
84,06.04 12:00,19.431
84,06.04 13:00,22.48
84,06.04 14:00,24.707
84,06.04 15:00,22.614
84,06.04 16:00,22.468
84,06.04 17:00,22.036
84,06.04 18:00,22.405
84,06.04 19:00,22.953
84,06.04 20:00,21.565
84,06.04 21:00,21.593
84,06.04 22:00,20.393
84,06.04 23:00,19.738
84,07.04 00:00,19.75
84,07.04 01:00,21.035
84,07.04 02:00,21.419
84,07.04 03:00,20.178
84,07.04 04:00,19.344
84,07.04 05:00,20.238
84,07.04 06:00,19.846
84,07.04 07:00,18.431
84,07.04 08:00,18.93
84,07.04 09:00,19.688
84,07.04 10:00,19.82
84,07.04 11:00,21.691
84,07.04 12:00,22.64
84,07.04 13:00,22.226
84,07.04 14:00,22.674
84,07.04 15:00,22.89
84,07.04 16:00,20.762
84,07.04 17:00,18.855
84,07.04 18:00,19.568
84,07.04 19:00,21.561
84,07.04 20:00,16.603
84,07.04 21:00,16.757
84,07.04 22:00,19.862
84,07.04 23:00,20.374
84,08.04 00:00,20.737
84,08.04 01:00,24.451
84,08.04 02:00,25.474
84,08.04 03:00,24.067
84,08.04 04:00,20.622
84,08.04 05:00,17.261
84,08.04 06:00,19.207
84,08.04 07:00,16.903
84,08.04 08:00,18.121
84,08.04 09:00,19.357
84,08.04 10:00,23.063
84,08.04 11:00,21.466
84,08.04 12:00,20.363
84,08.04 13:00,19.483
84,08.04 14:00,24.945
84,08.04 15:00,24.181
84,08.04 16:00,23.372
84,08.04 17:00,22.737
84,08.04 18:00,21.526
84,08.04 19:00,21.253
84,08.04 20:00,20.192
84,08.04 21:00,19.499
84,08.04 22:00,19.384
84,08.04 23:00,18.858
84,09.04 00:00,17.724
84,09.04 01:00,18.048
84,09.04 02:00,16.87
84,09.04 03:00,18.106
84,09.04 04:00,17.751
84,09.04 05:00,18.08
84,09.04 06:00,17.742
84,09.04 07:00,15.03
84,09.04 08:00,16.845
84,09.04 09:00,16.256
84,09.04 10:00,17.572
84,09.04 11:00,17.22
84,09.04 12:00,19.25
84,09.04 13:00,19.028
84,09.04 14:00,19.425
84,09.04 15:00,19.455
84,09.04 16:00,18.907
84,09.04 17:00,18.048
84,09.04 18:00,19.81
84,09.04 19:00,18.361
84,09.04 20:00,18.541
84,09.04 21:00,17.888
84,09.04 22:00,18.005
84,09.04 23:00,18.623
84,10.04 00:00,18.076
84,10.04 01:00,18.004
84,10.04 02:00,18.843
84,10.04 03:00,18.831
84,10.04 04:00,18.592
84,10.04 05:00,17.335
84,10.04 06:00,17.341
84,10.04 07:00,16.419
84,10.04 08:00,15.755
84,10.04 09:00,16.02
84,10.04 10:00,16.333
84,10.04 11:00,18.815
84,10.04 12:00,19.272
84,10.04 13:00,18.946
84,10.04 14:00,18.996
84,10.04 15:00,18.828
84,10.04 16:00,17.5
84,10.04 17:00,15.741
84,10.04 18:00,16.79
84,10.04 19:00,17.597
84,10.04 20:00,16.414
84,10.04 21:00,15.723
84,10.04 22:00,16.108
84,10.04 23:00,15.934
84,11.04 00:00,19.756
84,11.04 01:00,20.014
84,11.04 02:00,20.238
84,11.04 03:00,20.864
84,11.04 04:00,20.492
84,11.04 05:00,19.904
84,11.04 06:00,18.881
84,11.04 07:00,14.869
84,11.04 08:00,14.497
84,11.04 09:00,15.043
84,11.04 10:00,17.701
84,11.04 11:00,19.235
84,11.04 12:00,20.343
84,11.04 13:00,20.57
84,11.04 14:00,23.009
84,11.04 15:00,22.914
84,11.04 16:00,21.182
84,11.04 17:00,20.47
84,11.04 18:00,20.839
84,11.04 19:00,21.283
84,11.04 20:00,22.209
84,11.04 21:00,21.767
84,11.04 22:00,20.758
84,11.04 23:00,19.486
84,12.04 00:00,23.445
84,12.04 01:00,8.308
84,12.04 04:00,27.606
84,12.04 05:00,19.699
84,12.04 06:00,17.645
84,12.04 07:00,9.883
84,13.05 19:00,24.048
84,13.05 20:00,26.235
84,13.05 21:00,24.237
84,13.05 22:00,22.858
84,13.05 23:00,22.491
84,14.05 00:00,22.023
84,14.05 01:00,21.86
84,14.05 02:00,21.736
84,14.05 03:00,23.556
84,14.05 04:00,23.075
84,14.05 05:00,21.539
84,14.05 06:00,21.775
84,14.05 07:00,21.134
84,14.05 08:00,20.845
84,14.05 09:00,21.3
84,14.05 10:00,22.499
84,14.05 11:00,26.339
84,14.05 12:00,26.895
84,14.05 13:00,26.883
84,14.05 14:00,27.357
84,14.05 15:00,25.222
84,14.05 16:00,21.234
84,14.05 17:00,19.286
84,14.05 18:00,19.599
84,14.05 19:00,20.885
84,14.05 20:00,17.977
84,14.05 21:00,17.492
84,14.05 22:00,17.139
84,14.05 23:00,16.994
84,15.05 00:00,16.427
84,15.05 01:00,16.565
84,15.05 02:00,16.042
84,15.05 03:00,16.689
84,15.05 04:00,17.117
84,15.05 05:00,15.113
84,15.05 06:00,15.544
84,15.05 07:00,14.723
84,15.05 08:00,14.351
84,15.05 09:00,15.536
84,15.05 10:00,15.994
84,15.05 11:00,16.556
84,15.05 12:00,23.289
84,15.05 13:00,24.554
84,15.05 14:00,24.256
84,15.05 15:00,24.51
84,15.05 16:00,23.229
84,15.05 17:00,21.229
84,15.05 18:00,21.532
84,15.05 19:00,21.949
84,15.05 20:00,19.715
84,15.05 21:00,19.479
84,15.05 22:00,19.006
84,15.05 23:00,19.066
84,16.05 00:00,22.75
84,16.05 01:00,23.574
84,16.05 02:00,23.114
84,16.05 03:00,23.892
84,16.05 04:00,23.629
84,16.05 05:00,22.428
84,16.05 06:00,21.491
84,16.05 07:00,18.508
84,16.05 08:00,19.07
84,16.05 09:00,19.606
84,16.05 10:00,22.165
84,16.05 11:00,23.246
84,16.05 12:00,21.797
84,16.05 13:00,22.539
84,16.05 14:00,22.588
84,16.05 15:00,21.3
84,16.05 16:00,21.104
84,16.05 17:00,20.519
84,16.05 18:00,22.124
84,16.05 19:00,22.498
84,16.05 20:00,20.542
84,16.05 21:00,20.106
84,16.05 22:00,19.933
84,16.05 23:00,19.919
84,17.05 00:00,24.266
84,17.05 01:00,24.913
84,17.05 02:00,25.464
84,17.05 03:00,24.628
84,17.05 04:00,24.218
84,17.05 05:00,19.874
84,17.05 06:00,19.398
84,17.05 07:00,18.737
84,17.05 08:00,19.465
84,17.05 09:00,19.736
84,17.05 10:00,22.866
84,17.05 11:00,25.527
84,17.05 12:00,28.178
84,17.05 13:00,27.977
84,17.05 14:00,26.85
84,17.05 15:00,25.564
84,17.05 16:00,20.966
84,17.05 17:00,19.766
84,17.05 18:00,19.652
84,17.05 19:00,18.343
84,17.05 20:00,17.62
84,17.05 21:00,16.771
84,17.05 22:00,16.542
84,17.05 23:00,16.298
84,18.05 00:00,17.631
84,18.05 01:00,17.505
84,18.05 02:00,16.884
84,18.05 03:00,16.507
84,18.05 04:00,15.863
84,18.05 05:00,16.68
84,18.05 06:00,15.43
84,18.05 07:00,15.814
84,18.05 08:00,15.531
84,18.05 09:00,18.123
84,18.05 10:00,20.937
84,18.05 11:00,23.367
84,18.05 12:00,26.15
84,18.05 13:00,26.19
84,18.05 14:00,26.986
84,18.05 15:00,28.723
84,18.05 16:00,25.694
84,18.05 17:00,25.239
84,18.05 18:00,24.683
84,18.05 19:00,23.188
84,18.05 20:00,23.825
84,18.05 21:00,22.693
84,18.05 22:00,22.987
84,18.05 23:00,24.162
84,19.05 00:00,21.949
84,19.05 01:00,22.47
84,19.05 02:00,21.942
84,19.05 03:00,22.295
84,19.05 04:00,21.317
84,19.05 05:00,21.083
84,19.05 06:00,21.981
84,19.05 07:00,21.357
84,19.05 08:00,21.059
84,19.05 09:00,21.366
84,19.05 10:00,23.046
84,19.05 11:00,24.381
84,19.05 12:00,26.053
84,19.05 13:00,25.82
84,19.05 14:00,27.6
84,19.05 15:00,27.261
84,19.05 16:00,20.995
84,19.05 17:00,18.45
84,19.05 18:00,18.445
84,19.05 19:00,19.081
84,19.05 20:00,18.917
84,19.05 21:00,19.832
84,19.05 22:00,19.179
84,19.05 23:00,18.287
84,20.05 00:00,17.735
84,20.05 01:00,18.184
84,20.05 02:00,17.845
84,20.05 03:00,17.819
84,20.05 04:00,17.687
84,20.05 05:00,17.371
84,20.05 06:00,18.776
84,20.05 07:00,17.651
84,20.05 08:00,17.3
84,20.05 09:00,19.437
84,20.05 10:00,21.783
84,20.05 11:00,21.759
84,20.05 12:00,26.48
84,20.05 13:00,28.53
84,20.05 14:00,27.706
84,20.05 15:00,27.02
84,20.05 16:00,23.919
84,20.05 17:00,20.135
84,20.05 18:00,20.856
84,20.05 19:00,20.41
84,20.05 20:00,20.688
84,20.05 21:00,21.283
84,20.05 22:00,20.828
84,20.05 23:00,19.925
84,21.05 00:00,19.286
84,21.05 01:00,19.876
84,21.05 02:00,19.341
84,21.05 03:00,19.677
84,21.05 04:00,19.501
84,21.05 05:00,20.68
84,21.05 06:00,20.661
84,21.05 07:00,19.113
84,21.05 08:00,18.666
84,21.05 09:00,18.824
84,21.05 10:00,19.714
84,21.05 11:00,19.474
84,21.05 12:00,21.977
84,21.05 13:00,24.258
84,21.05 14:00,24.053
84,21.05 15:00,24.296
84,21.05 16:00,23.709
84,21.05 17:00,21.999
84,21.05 18:00,21.522
84,21.05 19:00,21.753
84,21.05 20:00,20.78
84,21.05 21:00,21.684
84,21.05 22:00,21.355
84,21.05 23:00,19.899
84,22.05 00:00,19.537
84,22.05 01:00,19.922
84,22.05 02:00,19.729
84,22.05 03:00,20.293
84,22.05 04:00,19.5
84,22.05 05:00,19.475
84,22.05 06:00,20.89
84,22.05 07:00,19.109
84,22.05 08:00,18.305
84,22.05 09:00,18.951
84,22.05 10:00,20.387
84,22.05 11:00,20.458
84,22.05 12:00,21.307
84,22.05 13:00,26.269
84,22.05 14:00,28.219
84,22.05 15:00,26.184
84,22.05 16:00,24.252
84,22.05 17:00,22.205
84,22.05 18:00,22.103
84,22.05 19:00,22.187
84,22.05 20:00,22.519
84,22.05 21:00,20.54
84,22.05 22:00,20.978
84,22.05 23:00,20.732
84,23.05 00:00,24.685
84,23.05 01:00,24.994
84,23.05 02:00,21.218
84,23.05 03:00,24.482
84,23.05 04:00,25.396
84,23.05 05:00,24.267
84,23.05 06:00,23.603
84,23.05 07:00,21.783
84,23.05 08:00,21.221
84,23.05 09:00,19.706
84,23.05 10:00,20.136
84,23.05 11:00,22.421
84,23.05 12:00,23.037
84,23.05 13:00,21.556
84,23.05 14:00,21.267
84,23.05 15:00,20.977
84,23.05 16:00,20.804
84,23.05 17:00,21.125
84,23.05 18:00,20.901
84,23.05 19:00,22.215
84,23.05 20:00,16.164
84,23.05 21:00,17.773
84,23.05 22:00,17.527
84,23.05 23:00,16.594
84,24.05 00:00,20.889
84,24.05 01:00,21.499
84,24.05 02:00,17.429
84,24.05 03:00,24.846
84,24.05 04:00,23.595
84,24.05 05:00,16.338
84,24.05 06:00,19.156
84,24.05 07:00,16.828
84,24.05 08:00,18.504
84,24.05 09:00,17.172
84,24.05 10:00,19.169
84,24.05 11:00,24.067
84,24.05 12:00,17.649
84,24.05 13:00,27.345
84,24.05 14:00,22.156
84,24.05 15:00,17.654
84,24.05 16:00,18.94
84,24.05 17:00,17.623
84,24.05 18:00,19.683
84,24.05 19:00,18.869
84,24.05 20:00,19.541
84,24.05 21:00,17.573
84,24.05 22:00,16.464
84,24.05 23:00,13.325
84,25.05 00:00,21.118
84,25.05 01:00,22.949
84,25.05 02:00,17.197
84,25.05 03:00,22.434
84,25.05 04:00,21.382
84,25.05 05:00,22.813
84,25.05 06:00,20.232
84,25.05 07:00,22.176
84,25.05 08:00,17.745
84,25.05 09:00,17.528
84,25.05 10:00,18.928
84,25.05 11:00,20.975
84,25.05 12:00,24.928
84,25.05 13:00,22.869
84,25.05 14:00,21.285
84,25.05 15:00,26.21
84,25.05 16:00,23.54
84,25.05 17:00,18.583
84,25.05 18:00,15.55
84,25.05 19:00,23.005
84,25.05 20:00,21.503
84,25.05 21:00,18.149
84,25.05 22:00,20.415
84,25.05 23:00,19.177
84,26.05 00:00,18.737
84,26.05 01:00,19.77
84,26.05 02:00,19.88
84,26.05 03:00,20.513
84,26.05 04:00,18.57
84,26.05 05:00,18.166
84,26.05 06:00,18.414
84,26.05 07:00,18.086
84,26.05 08:00,20.086
84,26.05 09:00,20.038
84,26.05 10:00,22.764
84,26.05 11:00,27.237
84,26.05 12:00,24.527
84,26.05 13:00,22.957
84,26.05 14:00,24.371
84,26.05 15:00,25.273
84,26.05 16:00,22.279
84,26.05 17:00,21.604
84,26.05 18:00,22.745
84,26.05 19:00,20.207
84,26.05 20:00,19.453
84,26.05 21:00,19.796
84,26.05 22:00,19.147
84,26.05 23:00,17.921
84,27.05 00:00,23.639
84,27.05 01:00,24.409
84,27.05 02:00,23.847
84,27.05 03:00,20.818
84,27.05 04:00,22.328
84,27.05 05:00,22.273
84,27.05 06:00,18.597
84,27.05 07:00,17.644
84,27.05 08:00,19.673
84,27.05 09:00,19.386
84,27.05 10:00,23.851
84,27.05 11:00,25.026
84,27.05 12:00,24.316
84,27.05 13:00,24.061
84,27.05 14:00,23.684
84,27.05 15:00,23.462
84,27.05 16:00,21.202
84,27.05 17:00,21.833
84,27.05 18:00,21.704
84,27.05 19:00,19.304
84,27.05 20:00,19.884
84,27.05 21:00,18.296
84,27.05 22:00,18.063
84,27.05 23:00,18.303
84,28.05 00:00,19.123
84,28.05 01:00,19.104
84,28.05 02:00,18.375
84,28.05 03:00,17.962
84,28.05 04:00,17.448
84,28.05 05:00,17.898
84,28.05 06:00,16.954
84,28.05 07:00,17.016
84,28.05 08:00,16.595
84,28.05 09:00,18.758
84,28.05 10:00,20.615
84,28.05 11:00,22.532
84,28.05 12:00,22.946
84,28.05 13:00,24.09
84,28.05 14:00,23.389
84,28.05 15:00,24.062
84,28.05 16:00,22.44
84,28.05 17:00,20.028
84,28.05 18:00,19.525
84,28.05 19:00,19.196
84,28.05 20:00,18.14
84,28.05 21:00,18.991
84,28.05 22:00,17.857
84,28.05 23:00,18.586
84,29.05 00:00,18.497
84,29.05 01:00,19.972
84,29.05 02:00,17.239
84,29.05 03:00,17.694
84,29.05 04:00,17.226
84,29.05 05:00,17.26
84,29.05 06:00,16.948
84,29.05 07:00,16.757
84,29.05 08:00,16.998
84,29.05 09:00,19.099
84,29.05 10:00,16.922
84,29.05 11:00,17.263
84,29.05 12:00,20.348
84,29.05 13:00,23.445
84,29.05 14:00,23.942
84,29.05 15:00,24.371
84,29.05 16:00,25.429
84,29.05 17:00,22.868
84,29.05 18:00,21.411
84,29.05 19:00,19.807
84,29.05 20:00,19.897
84,29.05 21:00,19.465
84,29.05 22:00,19.933
84,29.05 23:00,19.784
84,30.05 00:00,21.178
84,30.05 01:00,20.443
84,30.05 02:00,19.582
84,30.05 03:00,19.399
84,30.05 04:00,18.771
84,30.05 05:00,18.959
84,30.05 06:00,18.445
84,30.05 07:00,18.691
84,30.05 08:00,18.95
84,30.05 09:00,20.157
84,30.05 10:00,18.693
84,30.05 11:00,19.984
84,30.05 12:00,20.887
84,30.05 13:00,21.3
84,30.05 14:00,21.308
84,30.05 15:00,22.35
84,30.05 16:00,23.752
84,30.05 17:00,22.507
84,30.05 18:00,21.961
84,30.05 19:00,20.999
84,30.05 20:00,21.586
84,30.05 21:00,21.833
84,30.05 22:00,20.966
84,30.05 23:00,21.201
84,31.05 00:00,22.012
84,31.05 01:00,20.67
84,31.05 02:00,19.986
84,31.05 03:00,20.648
84,31.05 04:00,20.618
84,31.05 05:00,20.233
84,31.05 06:00,19.885
84,31.05 07:00,19.493
84,31.05 08:00,22.252
84,31.05 09:00,23.936
84,31.05 10:00,21.477
84,31.05 11:00,24.271
84,31.05 12:00,26.449
84,31.05 13:00,25.251
84,31.05 14:00,26.599
84,31.05 15:00,24.639
84,31.05 16:00,22.875
84,31.05 17:00,20.537
84,31.05 18:00,20.204
84,31.05 19:00,19.179
84,31.05 20:00,17.149
84,31.05 21:00,17.574
84,31.05 22:00,17.257
84,31.05 23:00,19.384
84,01.06 00:00,22.06
84,01.06 01:00,22.881
84,01.06 02:00,21.365
84,01.06 03:00,22.091
84,01.06 04:00,21.139
84,01.06 05:00,21.721
84,01.06 06:00,21.871
84,01.06 07:00,21.516
84,01.06 08:00,19.18
84,01.06 09:00,17.476
84,01.06 10:00,21.301
84,01.06 11:00,26.814
84,01.06 12:00,27.544
84,01.06 13:00,29.066
84,01.06 14:00,28.584
84,01.06 15:00,27.292
84,01.06 16:00,25.178
84,01.06 17:00,22.229
84,01.06 18:00,20.404
84,01.06 19:00,21.078
84,01.06 20:00,22.34
84,01.06 21:00,20.012
84,01.06 22:00,20.698
84,01.06 23:00,19.822
84,02.06 00:00,19.127
84,02.06 01:00,19.523
84,02.06 02:00,18.43
84,02.06 03:00,20.615
84,02.06 04:00,20.548
84,02.06 05:00,18.753
84,02.06 06:00,18.723
84,02.06 07:00,17.594
84,02.06 08:00,19.026
84,02.06 09:00,20.773
84,02.06 10:00,23.126
84,02.06 11:00,27.564
84,02.06 12:00,27.681
84,02.06 13:00,27.362
84,02.06 14:00,28.305
84,02.06 15:00,28.887
84,02.06 16:00,26.709
84,02.06 17:00,24.775
84,02.06 18:00,22.852
84,02.06 19:00,22.148
84,02.06 20:00,22.52
84,02.06 21:00,20.213
84,02.06 22:00,20.979
84,02.06 23:00,20.548
84,03.06 00:00,26.457
84,03.06 01:00,26.073
84,03.06 02:00,24.643
84,03.06 03:00,24.044
84,03.06 04:00,24.051
84,03.06 05:00,25.262
84,03.06 06:00,19.863
84,03.06 07:00,18.73
84,03.06 08:00,20.72
84,03.06 09:00,23.931
84,03.06 10:00,23.526
84,03.06 11:00,25.365
84,03.06 12:00,27.514
84,03.06 13:00,26.66
84,03.06 14:00,27.728
84,03.06 15:00,30.227
84,03.06 16:00,26.717
84,03.06 17:00,25.345
84,03.06 18:00,23.651
84,03.06 19:00,24.866
84,03.06 20:00,23.667
84,03.06 21:00,22.908
84,03.06 22:00,25.869
84,03.06 23:00,22.365
84,04.06 00:00,22.395
84,04.06 01:00,23.028
84,04.06 02:00,21.304
84,04.06 03:00,21.802
84,04.06 04:00,21.654
84,04.06 05:00,23.287
84,04.06 06:00,22.136
84,04.06 07:00,20.319
84,04.06 08:00,20.62
84,04.06 09:00,21.205
84,04.06 10:00,23.254
84,04.06 11:00,24.021
84,04.06 12:00,24.86
84,04.06 13:00,26.167
84,04.06 14:00,25.953
84,04.06 15:00,25.327
84,04.06 16:00,24.376
84,04.06 17:00,23.313
84,04.06 18:00,23.633
84,04.06 19:00,23.862
84,04.06 20:00,23.055
84,04.06 21:00,23.605
84,04.06 22:00,21.874
84,04.06 23:00,22.35
84,05.06 00:00,22.277
84,05.06 01:00,21.153
84,05.06 02:00,21.206
84,05.06 03:00,21.443
84,05.06 04:00,21.594
84,05.06 05:00,21.678
84,05.06 06:00,21.111
84,05.06 07:00,20.473
84,05.06 08:00,20.083
84,05.06 09:00,20.61
84,05.06 10:00,20.902
84,05.06 11:00,21.736
84,05.06 12:00,25.754
84,05.06 13:00,26.964
84,05.06 14:00,27.806
84,05.06 15:00,26.494
84,05.06 16:00,25.99
84,05.06 17:00,22.498
84,05.06 18:00,21.286
84,05.06 19:00,22.861
84,05.06 20:00,22.248
84,05.06 21:00,20.782
84,05.06 22:00,20.982
84,05.06 23:00,19.839
84,06.06 00:00,20.894
84,06.06 01:00,19.311
84,06.06 02:00,19.388
84,06.06 03:00,21.097
84,06.06 04:00,21.64
84,06.06 05:00,18.748
84,06.06 06:00,19.546
84,06.06 07:00,18.258
84,06.06 08:00,19.102
84,06.06 09:00,19.3
84,06.06 10:00,21.683
84,06.06 11:00,23.943
84,06.06 12:00,22.573
84,06.06 13:00,22.341
84,06.06 14:00,22.773
84,06.06 15:00,21.589
84,06.06 16:00,20.907
84,06.06 17:00,21.126
84,06.06 18:00,23.416
84,06.06 19:00,20.721
84,06.06 20:00,20.973
84,06.06 21:00,21.615
84,06.06 22:00,20.22
84,06.06 23:00,19.875
84,07.06 00:00,21.417
84,07.06 01:00,22.192
84,07.06 02:00,21.801
84,07.06 03:00,20.533
84,07.06 04:00,20.725
84,07.06 05:00,20.903
84,07.06 06:00,19.518
84,07.06 07:00,20.005
84,07.06 08:00,19.369
84,07.06 09:00,20.954
84,07.06 10:00,21.456
84,07.06 11:00,21.912
84,07.06 12:00,22.789
84,07.06 13:00,24.051
84,07.06 14:00,24.401
84,07.06 15:00,24.224
84,07.06 16:00,25.828
84,07.06 17:00,27.796
84,07.06 18:00,25.42
84,07.06 19:00,24.779
84,07.06 20:00,24.141
84,07.06 21:00,24.383
84,07.06 22:00,23.323
84,07.06 23:00,22.834
84,08.06 00:00,25.277
84,08.06 01:00,23.812
84,08.06 02:00,22.898
84,08.06 03:00,23.334
84,08.06 04:00,22.589
84,08.06 05:00,23.049
84,08.06 06:00,23.319
84,08.06 07:00,22.956
84,08.06 08:00,24.371
84,08.06 09:00,23.385
84,08.06 10:00,23.557
84,08.06 11:00,25.522
84,08.06 12:00,24.743
84,08.06 13:00,24.919
84,08.06 14:00,24.944
84,08.06 15:00,30.932
84,08.06 16:00,23.767
84,08.06 17:00,23.694
84,08.06 18:00,22.401
84,08.06 19:00,22.339
84,08.06 20:00,23.287
84,08.06 21:00,22.84
84,08.06 22:00,21.582
84,08.06 23:00,21.868
84,09.06 00:00,21.184
84,09.06 01:00,19.866
84,09.06 02:00,20.325
84,09.06 03:00,19.955
84,09.06 04:00,19.458
84,09.06 05:00,19.601
84,09.06 06:00,20.414
84,09.06 07:00,19.778
84,09.06 08:00,21.001
84,09.06 09:00,23.606
84,09.06 10:00,26.379
84,09.06 11:00,24.356
84,09.06 12:00,22.551
84,09.06 13:00,25.604
84,09.06 14:00,28.589
84,09.06 15:00,24.736
84,09.06 16:00,21.349
84,09.06 17:00,20.666
84,09.06 18:00,19.698
84,09.06 19:00,20.019
84,09.06 20:00,19.833
84,09.06 21:00,22.13
84,09.06 22:00,19.843
84,09.06 23:00,19.145
84,10.06 00:00,19.752
84,10.06 01:00,18.483
84,10.06 02:00,18.559
84,10.06 03:00,19.233
84,10.06 04:00,18.867
84,10.06 05:00,20.108
84,10.06 06:00,20.812
84,10.06 07:00,18.874
84,10.06 08:00,19.262
84,10.06 09:00,21.218
84,10.06 10:00,21.324
84,10.06 11:00,24.437
84,10.06 12:00,24.981
84,10.06 13:00,24.589
84,10.06 14:00,24.041
84,10.06 15:00,25.485
84,10.06 16:00,25.795
84,10.06 17:00,28.084
84,10.06 18:00,30.973
84,10.06 19:00,32.13
84,10.06 20:00,27.573
84,10.06 21:00,23.673
84,10.06 22:00,21.477
84,10.06 23:00,21.05
84,11.06 00:00,22.43
84,11.06 01:00,22.876
84,11.06 02:00,20.554
84,11.06 03:00,20.748
84,11.06 04:00,20.857
84,11.06 05:00,19.569
84,11.06 06:00,19.041
84,11.06 07:00,19.884
84,11.06 08:00,20.426
84,11.06 09:00,19.824
84,11.06 10:00,21.564
84,11.06 11:00,24.365
84,11.06 12:00,24.835
84,11.06 13:00,24.358
84,11.06 14:00,26.75
84,11.06 15:00,27.609
84,11.06 16:00,24.375
84,11.06 17:00,20.963
84,11.06 18:00,21.346
84,11.06 19:00,21.664
84,11.06 20:00,22.049
84,11.06 21:00,20.256
84,11.06 22:00,20.929
84,11.06 23:00,22.153
84,12.06 00:00,20.615
84,12.06 01:00,20.154
84,12.06 02:00,19.651
84,12.06 03:00,20.195
84,12.06 04:00,18.773
84,12.06 05:00,19.316
84,12.06 06:00,19.798
84,12.06 07:00,19.553
84,12.06 08:00,19.089
84,12.06 09:00,19.207
84,12.06 10:00,19.855
84,12.06 11:00,20.095
84,12.06 12:00,24.676
84,12.06 13:00,24.04
84,12.06 14:00,27.634
84,12.06 15:00,25.181
84,12.06 16:00,22.877
84,12.06 17:00,21.72
84,12.06 18:00,22.386
84,12.06 19:00,21.226
84,12.06 20:00,20.928
84,12.06 21:00,21.365
84,12.06 22:00,21.11
84,12.06 23:00,19.957
84,13.06 00:00,20.407
84,13.06 01:00,20.096
84,13.06 02:00,21.271
84,13.06 03:00,19.59
84,13.06 04:00,20.636
84,13.06 05:00,19.739
84,13.06 06:00,20.357
84,13.06 07:00,17.924
84,13.06 08:00,19.762
84,13.06 09:00,21.596
84,13.06 10:00,22.462
84,13.06 11:00,26.735
84,13.06 12:00,24.563
84,13.06 13:00,25.858
84,13.06 14:00,25.235
84,13.06 15:00,24.733
84,13.06 16:00,24.342
84,13.06 17:00,24.205
84,13.06 18:00,23.542
84,13.06 19:00,23.308
84,13.06 20:00,22.782
84,13.06 21:00,24.188
84,13.06 22:00,22.749
84,13.06 23:00,21.953
84,14.06 00:00,23.829
84,14.06 01:00,25.884
84,14.06 02:00,25.602
84,14.06 03:00,25.109
84,14.06 04:00,24.988
84,14.06 05:00,27.295
84,14.06 06:00,21.132
84,14.06 07:00,20.452
84,14.06 08:00,20.742
84,14.06 09:00,22.063
84,14.06 10:00,22.319
84,14.06 11:00,24.367
84,14.06 12:00,28.965
84,14.06 13:00,27.411
84,14.06 14:00,27.355
84,14.06 15:00,22.784
84,14.06 16:00,26.678
84,14.06 17:00,25.684
84,14.06 18:00,24.08
84,14.06 19:00,24.675
84,14.06 20:00,21.874
84,14.06 21:00,21.94
84,14.06 22:00,21.653
84,14.06 23:00,21.835
84,15.06 00:00,24.549
84,15.06 01:00,26.193
84,15.06 02:00,26.958
84,15.06 03:00,26.328
84,15.06 04:00,26.355
84,15.06 05:00,25.476
84,15.06 06:00,25.598
84,15.06 07:00,24.062
84,15.06 08:00,23.71
84,15.06 09:00,21.623
84,15.06 10:00,24.082
84,15.06 11:00,26.1
84,15.06 12:00,26.275
84,15.06 13:00,27.085
84,15.06 14:00,30.018
84,15.06 15:00,20.35
84,15.06 16:00,23.01
84,15.06 17:00,23.968
84,15.06 18:00,24.361
84,15.06 19:00,23.905
84,15.06 20:00,22.823
84,15.06 21:00,22.52
84,15.06 22:00,21.942
84,15.06 23:00,22.443
84,16.06 00:00,23.555
84,16.06 01:00,23.644
84,16.06 02:00,21.949
84,16.06 03:00,21.298
84,16.06 04:00,21.228
84,16.06 05:00,21.211
84,16.06 06:00,21.005
84,16.06 07:00,20.696
84,16.06 08:00,22.197
84,16.06 09:00,22.781
84,16.06 10:00,21.468
84,16.06 11:00,23.263
84,16.06 12:00,25.246
84,16.06 13:00,26.718
84,16.06 14:00,25.416
84,16.06 15:00,26.351
84,16.06 16:00,25.403
84,16.06 17:00,21.372
84,16.06 18:00,22.26
84,16.06 19:00,21.87
84,16.06 20:00,21.232
84,16.06 21:00,21.743
84,16.06 22:00,21.633
84,16.06 23:00,22.727
84,17.06 00:00,25.812
84,17.06 01:00,25.851
84,17.06 02:00,25.291
84,17.06 03:00,25.688
84,17.06 04:00,25.638
84,17.06 05:00,24.712
84,17.06 06:00,20.963
84,17.06 07:00,20.181
84,17.06 08:00,21.136
84,17.06 09:00,21.615
84,17.06 10:00,20.94
84,17.06 11:00,22.418
84,17.06 12:00,23.215
84,17.06 13:00,23.987
84,17.06 14:00,23.816
84,17.06 15:00,24.957
84,17.06 16:00,23.221
84,17.06 17:00,21.054
84,17.06 18:00,22.021
84,17.06 19:00,19.806
84,17.06 20:00,20.694
84,17.06 21:00,21.533
84,17.06 22:00,20.312
84,17.06 23:00,20.643
84,18.06 00:00,21.324
84,18.06 01:00,20.009
84,18.06 02:00,20.798
84,18.06 03:00,21.341
84,18.06 04:00,20.799
84,18.06 05:00,21.244
84,18.06 06:00,20.758
84,18.06 07:00,20.721
84,18.06 08:00,21.186
84,18.06 09:00,20.451
84,18.06 10:00,20.754
84,18.06 11:00,23.06
84,18.06 12:00,22.864
84,18.06 13:00,24.677
84,18.06 14:00,25.389
84,18.06 15:00,25.893
84,18.06 16:00,21.877
84,18.06 17:00,19.517
84,18.06 18:00,19.513
84,18.06 19:00,19.342
84,18.06 20:00,19.205
84,18.06 21:00,18.942
84,18.06 22:00,18.639
84,18.06 23:00,20.544
84,19.06 00:00,20.055
84,19.06 01:00,18.154
84,19.06 02:00,18.863
84,19.06 03:00,18.522
84,19.06 04:00,18.513
84,19.06 05:00,18.249
84,19.06 06:00,18.667
84,19.06 07:00,18.896
84,19.06 08:00,19.588
84,19.06 09:00,18.418
84,19.06 10:00,18.0
84,19.06 11:00,19.19
84,19.06 12:00,20.509
84,19.06 13:00,21.212
84,19.06 14:00,21.345
84,19.06 15:00,22.217
84,19.06 16:00,21.206
84,19.06 17:00,19.59
84,19.06 18:00,19.682
84,19.06 19:00,19.089
84,19.06 20:00,19.323
84,19.06 21:00,18.137
84,19.06 22:00,18.48
84,19.06 23:00,20.551
84,20.06 00:00,23.556
84,20.06 01:00,22.035
84,20.06 02:00,22.994
84,20.06 03:00,22.917
84,20.06 04:00,18.911
84,20.06 05:00,17.465
84,20.06 06:00,18.039
84,20.06 07:00,17.849
84,20.06 08:00,17.606
84,20.06 09:00,18.932
84,20.06 10:00,18.134
84,20.06 11:00,19.108
84,20.06 12:00,20.029
84,20.06 13:00,21.713
84,20.06 14:00,19.841
84,20.06 15:00,19.046
84,20.06 16:00,20.805
84,20.06 17:00,20.344
84,20.06 18:00,19.998
84,20.06 19:00,19.899
84,20.06 20:00,20.229
84,20.06 21:00,18.311
84,20.06 22:00,18.242
84,20.06 23:00,18.68
84,21.06 00:00,21.653
84,21.06 01:00,21.835
84,21.06 02:00,18.769
84,21.06 03:00,17.503
84,21.06 04:00,21.653
84,21.06 05:00,21.225
84,21.06 06:00,16.894
84,21.06 07:00,15.932
84,21.06 08:00,16.663
84,21.06 09:00,19.704
84,21.06 10:00,16.814
84,21.06 11:00,21.328
84,21.06 12:00,23.465
84,21.06 13:00,22.984
84,21.06 14:00,22.558
84,21.06 15:00,22.811
84,21.06 16:00,21.429
84,21.06 17:00,22.046
84,21.06 18:00,18.428
84,21.06 19:00,16.133
84,21.06 20:00,18.074
84,21.06 21:00,16.28
84,21.06 22:00,18.109
84,21.06 23:00,16.064
84,22.06 00:00,25.279
84,22.06 01:00,24.417
84,22.06 02:00,23.541
84,22.06 03:00,23.513
84,22.06 04:00,23.451
84,22.06 05:00,23.223
84,22.06 06:00,21.117
84,22.06 07:00,22.098
84,22.06 08:00,22.117
84,22.06 09:00,18.946
84,22.06 10:00,18.845
84,22.06 11:00,21.992
84,22.06 12:00,20.343
84,22.06 13:00,21.195
84,22.06 14:00,25.249
84,22.06 15:00,29.009
84,22.06 16:00,23.824
84,22.06 17:00,22.991
84,22.06 18:00,23.731
84,22.06 19:00,22.72
84,22.06 20:00,21.917
84,22.06 21:00,22.436
84,22.06 22:00,23.15
84,22.06 23:00,22.731
84,23.06 00:00,21.922
84,23.06 01:00,21.753
84,23.06 02:00,21.623
84,23.06 03:00,21.374
84,23.06 04:00,21.128
84,23.06 05:00,21.475
84,23.06 06:00,22.912
84,23.06 07:00,20.773
84,23.06 08:00,24.078
84,23.06 09:00,25.593
84,23.06 10:00,24.512
84,23.06 11:00,26.332
84,23.06 12:00,28.589
84,23.06 13:00,29.898
84,23.06 14:00,28.864
84,23.06 15:00,29.768
84,23.06 16:00,27.694
84,23.06 17:00,25.935
84,23.06 18:00,25.64
84,23.06 19:00,25.848
84,23.06 20:00,25.033
84,23.06 21:00,26.173
84,23.06 22:00,24.054
84,23.06 23:00,23.415
84,24.06 00:00,26.244
84,24.06 01:00,28.286
84,24.06 02:00,27.247
84,24.06 03:00,26.979
84,24.06 04:00,27.799
84,24.06 05:00,28.065
84,24.06 06:00,23.069
84,24.06 07:00,21.566
84,24.06 08:00,21.672
84,24.06 09:00,22.041
84,24.06 10:00,24.396
84,24.06 11:00,25.832
84,24.06 12:00,29.081
84,24.06 13:00,28.309
84,24.06 14:00,27.671
84,24.06 15:00,28.14
84,24.06 16:00,28.164
84,24.06 17:00,27.884
84,24.06 18:00,28.412
84,24.06 19:00,26.06
84,24.06 20:00,24.487
84,24.06 21:00,23.814
84,24.06 22:00,22.876
84,24.06 23:00,23.589
84,25.06 00:00,23.559
84,25.06 01:00,23.172
84,25.06 02:00,24.626
84,25.06 03:00,22.831
84,25.06 04:00,22.852
84,25.06 05:00,22.79
84,25.06 06:00,21.239
84,25.06 07:00,21.617
84,25.06 08:00,21.35
84,25.06 09:00,23.063
84,25.06 10:00,23.157
84,25.06 11:00,26.04
84,25.06 12:00,27.676
84,25.06 13:00,27.37
84,25.06 14:00,29.751
84,25.06 15:00,29.275
84,25.06 16:00,29.099
84,25.06 17:00,24.798
84,25.06 18:00,26.011
84,25.06 19:00,25.563
84,25.06 20:00,24.023
84,25.06 21:00,24.571
84,25.06 22:00,24.206
84,25.06 23:00,24.794
84,26.06 00:00,23.924
84,26.06 01:00,23.572
84,26.06 02:00,23.06
84,26.06 03:00,22.771
84,26.06 04:00,22.911
84,26.06 05:00,21.765
84,26.06 06:00,23.173
84,26.06 07:00,22.852
84,26.06 08:00,21.823
84,26.06 09:00,22.632
84,26.06 10:00,22.427
84,26.06 11:00,24.137
84,26.06 12:00,25.861
84,26.06 13:00,25.465
84,26.06 14:00,28.594
84,26.06 15:00,26.652
84,26.06 16:00,20.953
84,26.06 17:00,15.029
84,26.06 18:00,17.453
84,26.06 19:00,15.619
84,26.06 20:00,15.265
84,26.06 21:00,17.113
84,26.06 22:00,15.408
84,26.06 23:00,14.714
84,27.06 00:00,19.75
84,27.06 01:00,19.907
84,27.06 02:00,16.06
84,27.06 03:00,19.723
84,27.06 04:00,19.162
84,27.06 05:00,19.046
84,27.06 06:00,19.026
84,27.06 07:00,17.791
84,27.06 08:00,15.543
84,27.06 09:00,14.691
84,27.06 10:00,15.475
84,27.06 11:00,16.643
84,27.06 12:00,18.18
84,27.06 13:00,21.765
84,27.06 14:00,18.915
84,27.06 15:00,19.03
84,27.06 16:00,18.59
84,27.06 17:00,17.7
84,27.06 18:00,17.335
84,27.06 19:00,17.586
84,27.06 20:00,18.623
84,27.06 21:00,16.992
84,27.06 22:00,16.887
84,27.06 23:00,15.941
84,28.06 00:00,21.332
84,28.06 01:00,20.97
84,28.06 02:00,15.485
84,28.06 03:00,17.617
84,28.06 04:00,19.521
84,28.06 05:00,18.636
84,28.06 06:00,15.837
84,28.06 07:00,13.679
84,28.06 08:00,13.575
84,28.06 09:00,15.072
84,28.06 10:00,21.218
84,28.06 11:00,25.681
84,28.06 12:00,24.732
84,28.06 13:00,26.207
84,28.06 14:00,26.526
84,28.06 15:00,27.903
84,28.06 16:00,25.908
84,28.06 17:00,24.532
84,28.06 18:00,23.828
84,28.06 19:00,21.883
84,28.06 20:00,21.76
84,28.06 21:00,21.05
84,28.06 22:00,20.995
84,28.06 23:00,21.544
84,29.06 00:00,22.057
84,29.06 01:00,23.061
84,29.06 02:00,21.287
84,29.06 03:00,20.418
84,29.06 04:00,19.752
84,29.06 05:00,20.415
84,29.06 06:00,20.1
84,29.06 07:00,19.652
84,29.06 08:00,20.663
84,29.06 09:00,22.397
84,29.06 10:00,22.567
84,29.06 11:00,23.817
84,29.06 12:00,25.749
84,29.06 13:00,25.747
84,29.06 14:00,27.832
84,29.06 15:00,27.939
84,29.06 16:00,26.388
84,29.06 17:00,24.29
84,29.06 18:00,23.864
84,29.06 19:00,23.593
84,29.06 20:00,23.681
84,29.06 21:00,22.475
84,29.06 22:00,23.271
84,29.06 23:00,23.093
84,30.06 00:00,28.165
84,30.06 01:00,26.986
84,30.06 02:00,26.41
84,30.06 03:00,25.951
84,30.06 04:00,26.698
84,30.06 05:00,26.043
84,30.06 06:00,25.835
84,30.06 07:00,25.644
84,30.06 08:00,25.02
84,30.06 09:00,21.102
84,30.06 10:00,22.862
84,30.06 11:00,24.014
84,30.06 12:00,26.199
84,30.06 13:00,27.676
84,30.06 14:00,29.479
84,30.06 15:00,27.385
84,30.06 16:00,26.348
84,30.06 17:00,22.887
84,30.06 18:00,21.946
84,30.06 19:00,21.069
84,30.06 20:00,21.568
84,30.06 21:00,22.019
84,30.06 22:00,21.575
84,30.06 23:00,20.424
84,01.07 00:00,20.006
84,01.07 01:00,20.373
84,01.07 02:00,20.866
84,01.07 03:00,19.683
84,01.07 04:00,21.122
84,01.07 05:00,20.823
84,01.07 06:00,19.807
84,01.07 07:00,19.487
84,01.07 08:00,19.635
84,01.07 09:00,19.936
84,01.07 10:00,21.47
84,01.07 11:00,24.928
84,01.07 12:00,27.277
84,01.07 13:00,24.868
84,01.07 14:00,28.098
84,01.07 15:00,27.319
84,01.07 16:00,23.547
84,01.07 17:00,22.04
84,01.07 18:00,21.417
84,01.07 19:00,23.087
84,01.07 20:00,22.391
84,01.07 21:00,20.924
84,01.07 22:00,21.472
84,01.07 23:00,22.011
84,02.07 00:00,21.268
84,02.07 01:00,18.957
84,02.07 02:00,20.733
84,02.07 03:00,19.688
84,02.07 04:00,21.416
84,02.07 05:00,20.683
84,02.07 06:00,17.223
84,02.07 07:00,20.048
84,02.07 08:00,20.305
84,02.07 09:00,18.271
84,02.07 10:00,21.4
84,02.07 11:00,27.169
84,02.07 12:00,26.024
84,02.07 13:00,27.048
84,02.07 14:00,27.461
84,02.07 15:00,24.732
84,02.07 16:00,21.612
84,02.07 17:00,20.523
84,02.07 18:00,22.026
84,02.07 19:00,20.45
84,02.07 20:00,20.245
84,02.07 21:00,17.74
84,02.07 22:00,19.799
84,02.07 23:00,20.021
84,03.07 00:00,19.745
84,03.07 01:00,19.254
84,03.07 02:00,20.612
84,03.07 03:00,20.225
84,03.07 04:00,19.256
84,03.07 05:00,19.196
84,03.07 06:00,19.093
84,03.07 07:00,17.474
84,03.07 08:00,19.179
84,03.07 09:00,18.706
84,03.07 10:00,20.943
84,03.07 11:00,20.167
84,03.07 12:00,21.648
84,03.07 13:00,22.039
84,03.07 14:00,20.82
84,03.07 15:00,24.774
84,03.07 16:00,21.731
84,03.07 17:00,23.114
84,03.07 18:00,21.534
84,03.07 19:00,21.712
84,03.07 20:00,22.493
84,03.07 21:00,20.808
84,03.07 22:00,20.472
84,03.07 23:00,20.988
84,04.07 00:00,22.242
84,04.07 01:00,20.971
84,04.07 02:00,20.1
84,04.07 03:00,20.721
84,04.07 04:00,19.983
84,04.07 05:00,18.94
84,04.07 06:00,19.5
84,04.07 07:00,18.482
84,04.07 08:00,21.189
84,04.07 09:00,19.508
84,04.07 10:00,20.054
84,04.07 11:00,20.753
84,04.07 12:00,21.742
84,04.07 13:00,18.429
84,04.07 14:00,21.351
84,04.07 15:00,24.306
84,04.07 16:00,22.493
84,04.07 17:00,21.221
84,04.07 18:00,22.902
84,04.07 19:00,22.923
84,04.07 20:00,21.899
84,04.07 21:00,22.137
84,04.07 22:00,21.661
84,04.07 23:00,22.811
84,05.07 00:00,20.775
84,05.07 01:00,20.622
84,05.07 02:00,21.293
84,05.07 03:00,18.561
84,05.07 04:00,20.533
84,05.07 05:00,18.498
84,05.07 06:00,15.72
84,05.07 07:00,18.782
84,05.07 08:00,19.135
84,05.07 09:00,23.31
84,05.07 10:00,22.578
84,05.07 11:00,22.676
84,05.07 12:00,27.848
84,05.07 13:00,28.549
84,05.07 14:00,25.474
84,05.07 15:00,24.348
84,05.07 16:00,25.958
84,05.07 17:00,23.534
84,05.07 18:00,24.512
84,05.07 19:00,24.217
84,05.07 20:00,24.552
84,05.07 21:00,23.42
84,05.07 22:00,21.958
84,05.07 23:00,22.293
84,06.07 00:00,22.102
84,06.07 01:00,21.825
84,06.07 02:00,21.067
84,06.07 03:00,18.372
84,06.07 04:00,21.151
84,06.07 05:00,19.234
84,06.07 06:00,15.877
84,06.07 07:00,17.307
84,06.07 08:00,14.863
84,06.07 09:00,21.625
84,06.07 10:00,25.01
84,06.07 11:00,28.473
84,06.07 12:00,26.182
84,06.07 13:00,30.286
84,06.07 14:00,30.384
84,06.07 15:00,26.708
84,06.07 16:00,30.173
84,06.07 17:00,23.269
84,06.07 18:00,30.851
84,06.07 19:00,29.634
84,06.07 20:00,22.468
84,06.07 21:00,16.994
84,06.07 22:00,15.626
84,06.07 23:00,15.544
84,07.07 00:00,15.806
84,07.07 01:00,17.469
84,07.07 02:00,13.702
84,07.07 03:00,16.089
84,07.07 04:00,16.903
84,07.07 05:00,14.873
84,07.07 06:00,15.211
84,07.07 07:00,14.784
84,07.07 08:00,16.45
84,07.07 09:00,16.448
84,07.07 10:00,24.163
84,07.07 11:00,22.589
84,07.07 12:00,26.368
84,07.07 13:00,28.395
84,07.07 14:00,29.488
84,07.07 15:00,26.241
84,07.07 16:00,24.269
84,07.07 17:00,22.937
84,07.07 18:00,22.72
84,07.07 19:00,22.401
84,07.07 20:00,22.588
84,07.07 21:00,22.137
84,07.07 22:00,22.49
84,07.07 23:00,23.093
84,08.07 00:00,22.419
84,08.07 01:00,21.765
84,08.07 02:00,22.197
84,08.07 03:00,21.891
84,08.07 04:00,21.622
84,08.07 05:00,21.485
84,08.07 06:00,22.424
84,08.07 07:00,21.535
84,08.07 08:00,21.146
84,08.07 09:00,21.624
84,08.07 10:00,22.239
84,08.07 11:00,23.98
84,08.07 12:00,26.74
84,08.07 13:00,26.084
84,08.07 14:00,30.668
84,08.07 15:00,28.752
84,08.07 16:00,27.471
84,08.07 17:00,26.023
84,08.07 18:00,25.421
84,08.07 19:00,25.163
84,08.07 20:00,26.937
84,08.07 21:00,23.469
84,08.07 22:00,21.32
84,08.07 23:00,21.153
84,09.07 00:00,21.328
84,09.07 01:00,20.511
84,09.07 02:00,20.199
84,09.07 03:00,21.085
84,09.07 04:00,21.1
84,09.07 05:00,21.889
84,09.07 06:00,20.253
84,09.07 07:00,19.51
84,09.07 08:00,19.643
84,09.07 09:00,20.155
84,09.07 10:00,22.179
84,09.07 11:00,24.054
84,09.07 12:00,27.729
84,09.07 13:00,28.095
84,09.07 14:00,26.884
84,09.07 15:00,28.68
84,09.07 16:00,27.576
84,09.07 17:00,25.423
84,09.07 18:00,23.613
84,09.07 19:00,23.93
84,09.07 20:00,23.158
84,09.07 21:00,22.033
84,09.07 22:00,22.243
84,09.07 23:00,21.412
84,10.07 00:00,22.059
84,10.07 01:00,21.412
84,10.07 02:00,21.497
84,10.07 03:00,23.898
84,10.07 04:00,21.091
84,10.07 05:00,21.55
84,10.07 06:00,21.788
84,10.07 07:00,20.238
84,10.07 08:00,20.461
84,10.07 09:00,21.231
84,10.07 10:00,22.223
84,10.07 11:00,23.702
84,10.07 12:00,24.907
84,10.07 13:00,29.337
84,10.07 14:00,29.257
84,10.07 15:00,27.464
84,10.07 16:00,24.5
84,10.07 17:00,23.105
84,10.07 18:00,21.159
84,10.07 19:00,21.786
84,10.07 20:00,21.611
84,10.07 21:00,21.036
84,10.07 22:00,20.427
84,10.07 23:00,21.29
84,11.07 00:00,22.802
84,11.07 01:00,21.18
84,11.07 02:00,20.898
84,11.07 03:00,19.938
84,11.07 04:00,21.11
84,11.07 05:00,19.155
84,11.07 06:00,20.568
84,11.07 07:00,19.669
84,11.07 08:00,21.114
84,11.07 09:00,22.246
84,11.07 10:00,26.003
84,11.07 11:00,24.057
84,11.07 12:00,25.681
84,11.07 13:00,24.813
84,11.07 14:00,25.272
84,11.07 15:00,27.578
84,11.07 16:00,25.03
84,11.07 17:00,25.719
84,11.07 18:00,24.188
84,11.07 19:00,24.38
84,11.07 20:00,23.969
84,11.07 21:00,24.195
84,11.07 22:00,25.224
84,11.07 23:00,22.259
84,12.07 00:00,22.682
84,12.07 01:00,22.505
84,12.07 02:00,22.442
84,12.07 03:00,22.387
84,12.07 04:00,22.417
84,12.07 05:00,21.9
84,12.07 06:00,22.779
84,12.07 07:00,20.949
84,12.07 08:00,21.759
84,12.07 09:00,22.212
84,12.07 10:00,21.715
84,12.07 11:00,24.573
84,12.07 12:00,25.063
84,12.07 13:00,25.728
84,12.07 14:00,27.543
84,12.07 15:00,29.168
84,12.07 16:00,27.011
84,12.07 17:00,25.039
84,12.07 18:00,25.59
84,12.07 19:00,22.471
84,12.07 20:00,24.673
84,12.07 21:00,22.797
84,12.07 22:00,22.155
84,12.07 23:00,21.222
84,13.07 00:00,22.127
84,13.07 01:00,21.332
84,13.07 02:00,23.352
84,13.07 03:00,20.748
84,13.07 04:00,21.272
84,13.07 05:00,21.164
84,13.07 06:00,20.449
84,13.07 07:00,19.414
84,13.07 08:00,20.768
84,13.07 09:00,21.835
84,13.07 10:00,25.116
84,13.07 11:00,23.021
84,13.07 12:00,25.478
84,13.07 13:00,25.127
84,13.07 14:00,28.572
84,13.07 15:00,26.912
84,13.07 16:00,25.786
84,13.07 17:00,23.808
84,13.07 18:00,22.163
84,13.07 19:00,22.167
84,13.07 20:00,21.644
84,13.07 21:00,21.304
84,13.07 22:00,20.896
84,13.07 23:00,22.029
84,14.07 00:00,21.769
84,14.07 01:00,20.485
84,14.07 02:00,20.289
84,14.07 03:00,19.764
84,14.07 04:00,19.434
84,14.07 05:00,19.546
84,14.07 06:00,19.406
84,14.07 07:00,19.911
84,14.07 08:00,20.188
84,14.07 09:00,22.523
84,14.07 10:00,25.74
84,14.07 11:00,24.318
84,14.07 12:00,20.735
84,14.07 13:00,24.156
84,14.07 14:00,26.766
84,14.07 15:00,27.577
84,14.07 16:00,24.882
84,14.07 17:00,24.285
84,14.07 18:00,23.582
84,14.07 19:00,21.806
84,14.07 20:00,21.209
84,14.07 21:00,21.743
84,14.07 22:00,22.614
84,14.07 23:00,21.706
84,15.07 00:00,21.04
84,15.07 01:00,20.798
84,15.07 02:00,21.485
84,15.07 03:00,20.605
84,15.07 04:00,20.698
84,15.07 05:00,21.073
84,15.07 06:00,22.431
84,15.07 07:00,20.077
84,15.07 08:00,19.488
84,15.07 09:00,20.575
84,15.07 10:00,21.582
84,15.07 11:00,24.593
84,15.07 12:00,26.236
84,15.07 13:00,28.199
84,15.07 14:00,27.766
84,15.07 15:00,28.11
84,15.07 16:00,25.499
84,15.07 17:00,23.771
84,15.07 18:00,22.567
84,15.07 19:00,22.415
84,15.07 20:00,21.948
84,15.07 21:00,21.761
84,15.07 22:00,21.653
84,15.07 23:00,19.678
84,16.07 00:00,19.743
84,16.07 01:00,19.966
84,16.07 02:00,19.216
84,16.07 03:00,19.865
84,16.07 04:00,19.621
84,16.07 05:00,20.704
84,16.07 06:00,19.059
84,16.07 07:00,18.642
84,16.07 08:00,18.094
84,16.07 09:00,20.208
84,16.07 10:00,19.808
84,16.07 11:00,22.766
84,16.07 12:00,22.007
84,16.07 13:00,23.599
84,16.07 14:00,25.347
84,16.07 15:00,26.479
84,16.07 16:00,24.751
84,16.07 17:00,22.564
84,16.07 18:00,21.618
84,16.07 19:00,21.648
84,16.07 20:00,23.118
84,16.07 21:00,19.935
84,16.07 22:00,20.609
84,16.07 23:00,19.924
84,17.07 00:00,19.137
84,17.07 01:00,19.625
84,17.07 02:00,20.07
84,17.07 03:00,19.576
84,17.07 04:00,21.307
84,17.07 05:00,20.081
84,17.07 06:00,19.301
84,17.07 07:00,19.042
84,17.07 08:00,18.908
84,17.07 09:00,19.452
84,17.07 10:00,19.66
84,17.07 11:00,20.098
84,17.07 12:00,23.9
84,17.07 13:00,23.537
84,17.07 14:00,22.24
84,17.07 15:00,22.861
84,17.07 16:00,21.101
84,17.07 17:00,21.507
84,17.07 18:00,21.402
84,17.07 19:00,21.511
84,17.07 20:00,22.015
84,17.07 21:00,20.877
84,17.07 22:00,20.472
84,17.07 23:00,20.208
84,18.07 00:00,19.928
84,18.07 01:00,19.963
84,18.07 02:00,19.276
84,18.07 03:00,18.551
84,18.07 04:00,20.969
84,18.07 05:00,18.363
84,18.07 06:00,18.049
84,18.07 07:00,18.046
84,18.07 08:00,18.198
84,18.07 09:00,19.315
84,18.07 10:00,21.44
84,18.07 11:00,21.973
84,18.07 12:00,23.641
84,18.07 13:00,20.206
84,18.07 14:00,21.353
84,18.07 15:00,21.091
84,18.07 16:00,21.715
84,18.07 17:00,20.661
84,18.07 18:00,21.117
84,18.07 19:00,22.284
84,18.07 20:00,15.612
84,18.07 21:00,14.183
84,18.07 22:00,14.36
84,18.07 23:00,14.264
84,19.07 00:00,19.934
84,19.07 01:00,25.94
84,19.07 02:00,21.887
84,19.07 03:00,21.803
84,19.07 04:00,20.354
84,19.07 05:00,21.06
84,19.07 06:00,20.302
84,19.07 07:00,19.144
84,19.07 08:00,20.26
84,19.07 09:00,22.66
84,19.07 10:00,22.632
84,19.07 11:00,25.0
84,19.07 12:00,26.358
84,19.07 13:00,26.107
84,19.07 14:00,24.285
84,19.07 15:00,23.541
84,19.07 16:00,20.864
84,19.07 17:00,20.252
84,19.07 18:00,20.919
84,19.07 19:00,20.875
84,19.07 20:00,19.766
84,19.07 21:00,19.504
84,19.07 22:00,18.958
84,19.07 23:00,19.32
84,20.07 00:00,19.255
84,20.07 01:00,18.955
84,20.07 02:00,19.44
84,20.07 03:00,20.669
84,20.07 04:00,18.6
84,20.07 05:00,18.02
84,20.07 06:00,18.455
84,20.07 07:00,18.063
84,20.07 08:00,17.873
84,20.07 09:00,21.346
84,20.07 10:00,22.401
84,20.07 11:00,27.446
84,20.07 12:00,27.313
84,20.07 13:00,26.097
84,20.07 14:00,29.255
84,20.07 15:00,27.38
84,20.07 16:00,24.209
84,20.07 17:00,24.099
84,20.07 18:00,25.666
84,20.07 19:00,23.552
84,20.07 20:00,23.292
84,20.07 21:00,22.535
84,20.07 22:00,22.798
84,20.07 23:00,22.537
84,21.07 00:00,22.629
84,21.07 01:00,22.037
84,21.07 02:00,24.603
84,21.07 03:00,22.18
84,21.07 04:00,21.938
84,21.07 05:00,21.251
84,21.07 06:00,21.705
84,21.07 07:00,21.491
84,21.07 08:00,20.844
84,21.07 09:00,22.755
84,21.07 10:00,27.72
84,21.07 11:00,26.196
84,21.07 12:00,28.405
84,21.07 13:00,27.216
84,21.07 14:00,27.076
84,21.07 15:00,26.264
84,21.07 16:00,26.53
84,21.07 17:00,28.903
84,21.07 18:00,29.17
84,21.07 19:00,27.08
84,21.07 20:00,23.825
84,21.07 21:00,22.316
84,21.07 22:00,23.376
84,21.07 23:00,20.425
84,22.07 00:00,20.91
84,22.07 01:00,20.896
84,22.07 02:00,20.776
84,22.07 03:00,21.343
84,22.07 04:00,19.598
84,22.07 05:00,20.091
84,22.07 06:00,21.346
84,22.07 07:00,19.904
84,22.07 08:00,21.184
84,22.07 09:00,26.227
84,22.07 10:00,23.673
84,22.07 11:00,24.324
84,22.07 12:00,26.352
84,22.07 13:00,27.834
84,22.07 14:00,28.678
84,22.07 15:00,27.289
84,22.07 16:00,26.031
84,22.07 17:00,23.603
84,22.07 18:00,24.608
84,22.07 19:00,23.723
84,22.07 20:00,23.108
84,22.07 21:00,21.856
84,22.07 22:00,19.592
84,22.07 23:00,20.282
84,23.07 00:00,19.523
84,23.07 01:00,20.052
84,23.07 02:00,18.909
84,23.07 03:00,20.408
84,23.07 04:00,19.148
84,23.07 05:00,20.96
84,23.07 06:00,18.18
84,23.07 07:00,18.397
84,23.07 08:00,19.083
84,23.07 09:00,18.719
84,23.07 10:00,20.901
84,23.07 11:00,22.416
84,23.07 12:00,22.534
84,23.07 13:00,27.009
84,23.07 14:00,25.579
84,23.07 15:00,25.341
84,23.07 16:00,25.011
84,23.07 17:00,24.516
84,23.07 18:00,23.3
84,23.07 19:00,22.392
84,23.07 20:00,22.711
84,23.07 21:00,21.479
84,23.07 22:00,20.739
84,23.07 23:00,21.01
84,24.07 00:00,20.255
84,24.07 01:00,19.782
84,24.07 02:00,20.489
84,24.07 03:00,20.351
84,24.07 04:00,22.042
84,24.07 05:00,20.209
84,24.07 06:00,19.266
84,24.07 07:00,19.095
84,24.07 08:00,20.001
84,24.07 09:00,20.249
84,24.07 10:00,20.446
84,24.07 11:00,20.847
84,24.07 12:00,23.531
84,24.07 13:00,24.405
84,24.07 14:00,25.784
84,24.07 15:00,25.577
84,24.07 16:00,24.575
84,24.07 17:00,22.67
84,24.07 18:00,21.874
84,24.07 19:00,22.167
84,24.07 20:00,25.001
84,24.07 21:00,20.703
84,24.07 22:00,21.122
84,24.07 23:00,20.873
84,25.07 00:00,19.994
84,25.07 01:00,20.51
84,25.07 02:00,20.843
84,25.07 03:00,20.528
84,25.07 04:00,21.084
84,25.07 05:00,20.584
84,25.07 06:00,19.428
84,25.07 07:00,18.184
84,25.07 08:00,19.168
84,25.07 09:00,21.472
84,25.07 10:00,22.804
84,25.07 11:00,22.533
84,25.07 12:00,25.306
84,25.07 13:00,23.054
84,25.07 14:00,23.394
84,25.07 15:00,23.571
84,25.07 16:00,23.767
84,25.07 17:00,23.325
84,25.07 18:00,24.069
84,25.07 19:00,22.474
84,25.07 20:00,24.417
84,25.07 21:00,21.674
84,25.07 22:00,21.531
84,25.07 23:00,20.868
84,26.07 00:00,20.94
84,26.07 01:00,20.426
84,26.07 02:00,20.047
84,26.07 03:00,20.892
84,26.07 04:00,19.819
84,26.07 05:00,19.404
84,26.07 06:00,18.856
84,26.07 07:00,18.193
84,26.07 08:00,18.789
84,26.07 09:00,21.9
84,26.07 10:00,22.233
84,26.07 11:00,23.691
84,26.07 12:00,25.989
84,26.07 13:00,27.088
84,26.07 14:00,27.477
84,26.07 15:00,27.89
84,26.07 16:00,26.474
84,26.07 17:00,25.051
84,26.07 18:00,24.305
84,26.07 19:00,26.626
84,26.07 20:00,23.433
84,26.07 21:00,23.567
84,26.07 22:00,21.777
84,26.07 23:00,22.826
84,27.07 00:00,21.979
84,27.07 01:00,21.664
84,27.07 02:00,22.035
84,27.07 03:00,22.846
84,27.07 04:00,21.555
84,27.07 05:00,20.939
84,27.07 06:00,20.013
84,27.07 07:00,19.756
84,27.07 08:00,24.771
84,27.07 09:00,24.108
84,27.07 10:00,26.937
84,27.07 11:00,29.566
84,27.07 12:00,24.592
84,27.07 13:00,27.156
84,27.07 14:00,28.031
84,27.07 15:00,28.42
84,27.07 16:00,27.15
84,27.07 17:00,26.538
84,27.07 18:00,26.603
84,27.07 19:00,26.944
84,27.07 20:00,25.154
84,27.07 21:00,24.673
84,27.07 22:00,23.804
84,27.07 23:00,23.513
84,28.07 00:00,23.414
84,28.07 01:00,23.095
84,28.07 02:00,24.633
84,28.07 03:00,23.555
84,28.07 04:00,23.892
84,28.07 05:00,22.12
84,28.07 06:00,23.328
84,28.07 07:00,21.506
84,28.07 08:00,22.54
84,28.07 09:00,24.022
84,28.07 10:00,27.932
84,28.07 11:00,25.781
84,28.07 12:00,26.873
84,28.07 13:00,27.026
84,28.07 14:00,27.788
84,28.07 15:00,28.628
84,28.07 16:00,26.665
84,28.07 17:00,28.594
84,28.07 18:00,27.026
84,28.07 19:00,26.187
84,28.07 20:00,26.143
84,28.07 21:00,25.116
84,28.07 22:00,24.587
84,28.07 23:00,24.582
84,29.07 00:00,29.196
84,29.07 01:00,30.71
84,29.07 02:00,28.382
84,29.07 03:00,28.147
84,29.07 04:00,27.202
84,29.07 05:00,27.628
84,29.07 06:00,23.849
84,29.07 07:00,21.178
84,29.07 08:00,21.884
84,29.07 09:00,25.821
84,29.07 10:00,24.552
84,29.07 11:00,27.238
84,29.07 12:00,26.868
84,29.07 13:00,25.03
84,29.07 14:00,28.357
84,29.07 15:00,29.557
84,29.07 16:00,27.709
84,29.07 17:00,23.552
84,29.07 18:00,24.199
84,29.07 19:00,24.155
84,29.07 20:00,22.916
84,29.07 21:00,22.349
84,29.07 22:00,22.896
84,29.07 23:00,23.433
84,30.07 00:00,23.656
84,30.07 01:00,22.652
84,30.07 02:00,22.398
84,30.07 03:00,21.289
84,30.07 04:00,21.989
84,30.07 05:00,21.898
84,30.07 06:00,20.88
84,30.07 07:00,21.908
84,30.07 08:00,22.522
84,30.07 09:00,21.269
84,30.07 10:00,22.513
84,30.07 11:00,23.186
84,30.07 12:00,25.8
84,30.07 13:00,27.312
84,30.07 14:00,27.902
84,30.07 15:00,28.443
84,30.07 16:00,25.121
84,30.07 17:00,23.339
84,30.07 18:00,23.61
84,30.07 19:00,22.809
84,30.07 20:00,22.69
84,30.07 21:00,22.597
84,30.07 22:00,22.386
84,30.07 23:00,23.629
84,31.07 00:00,22.036
84,31.07 01:00,21.477
84,31.07 02:00,21.812
84,31.07 03:00,21.665
84,31.07 04:00,21.644
84,31.07 05:00,20.287
84,31.07 06:00,22.604
84,31.07 07:00,21.875
84,31.07 08:00,20.133
84,31.07 09:00,21.875
84,31.07 10:00,21.731
84,31.07 11:00,23.336
84,31.07 12:00,23.409
84,31.07 13:00,25.513
84,31.07 14:00,27.027
84,31.07 15:00,27.516
84,31.07 16:00,24.579
84,31.07 17:00,24.212
84,31.07 18:00,24.327
84,31.07 19:00,23.512
84,31.07 20:00,24.011
84,31.07 21:00,23.437
84,31.07 22:00,23.793
84,31.07 23:00,23.317
84,01.08 00:00,26.353
84,01.08 01:00,26.777
84,01.08 02:00,26.837
84,01.08 03:00,25.857
84,01.08 04:00,25.451
84,01.08 05:00,25.795
84,01.08 06:00,27.928
84,01.08 07:00,24.658
84,01.08 08:00,23.048
84,01.08 09:00,22.528
84,01.08 10:00,22.765
84,01.08 11:00,23.786
84,01.08 12:00,23.911
84,01.08 13:00,25.12
84,01.08 14:00,25.792
84,01.08 15:00,25.694
84,01.08 16:00,24.928
84,01.08 17:00,23.943
84,01.08 18:00,24.364
84,01.08 19:00,23.969
84,01.08 20:00,24.071
84,01.08 21:00,24.131
84,01.08 22:00,21.759
84,01.08 23:00,22.008
84,02.08 00:00,21.801
84,02.08 01:00,21.698
84,02.08 02:00,21.423
84,02.08 03:00,21.667
84,02.08 04:00,21.837
84,02.08 05:00,22.967
84,02.08 06:00,22.272
84,02.08 07:00,20.92
84,02.08 08:00,20.136
84,02.08 09:00,23.042
84,02.08 10:00,22.539
84,02.08 11:00,23.891
84,02.08 12:00,25.263
84,02.08 13:00,27.646
84,02.08 14:00,27.452
84,02.08 15:00,27.547
84,02.08 16:00,12.174
84,02.08 17:00,33.935
84,02.08 18:00,19.634
84,02.08 19:00,23.842
84,02.08 20:00,25.195
84,02.08 21:00,22.638
84,02.08 22:00,21.761
84,02.08 23:00,21.798
84,03.08 00:00,21.896
84,03.08 01:00,22.029
84,03.08 02:00,21.118
84,03.08 03:00,21.167
84,03.08 04:00,23.397
84,03.08 05:00,20.195
84,03.08 06:00,21.14
84,03.08 07:00,19.971
84,03.08 08:00,20.43
84,03.08 09:00,22.437
84,03.08 10:00,23.36
84,03.08 11:00,25.205
84,03.08 12:00,29.601
84,03.08 13:00,28.459
84,03.08 14:00,26.562
84,03.08 15:00,23.643
84,03.08 16:00,25.286
84,03.08 17:00,24.187
84,03.08 18:00,23.558
84,03.08 19:00,25.149
84,03.08 20:00,23.84
84,03.08 21:00,23.45
84,03.08 22:00,22.855
84,03.08 23:00,22.998
84,04.08 00:00,27.292
84,04.08 01:00,26.458
84,04.08 02:00,27.004
84,04.08 03:00,28.66
84,04.08 04:00,27.319
84,04.08 05:00,26.813
84,04.08 06:00,25.199
84,04.08 07:00,24.352
84,04.08 08:00,23.133
84,04.08 09:00,21.248
84,04.08 10:00,21.598
84,04.08 11:00,23.207
84,04.08 12:00,22.861
84,04.08 13:00,24.636
84,04.08 14:00,23.081
84,04.08 15:00,24.977
84,04.08 16:00,23.251
84,04.08 17:00,22.024
84,04.08 18:00,24.195
84,04.08 19:00,24.024
84,04.08 20:00,21.655
84,04.08 21:00,21.668
84,04.08 22:00,21.818
84,04.08 23:00,21.338
84,05.08 00:00,20.456
84,05.08 01:00,20.914
84,05.08 02:00,22.185
84,05.08 03:00,22.127
84,05.08 04:00,20.615
84,05.08 05:00,21.154
84,05.08 06:00,21.063
84,05.08 07:00,20.055
84,05.08 08:00,20.484
84,05.08 09:00,22.107
84,05.08 10:00,25.338
84,05.08 11:00,24.269
84,05.08 12:00,24.291
84,05.08 13:00,25.124
84,05.08 14:00,27.192
84,05.08 15:00,26.835
84,05.08 16:00,26.711
84,05.08 17:00,24.611
84,05.08 18:00,23.37
84,05.08 19:00,22.654
84,05.08 20:00,23.158
84,05.08 21:00,23.174
84,05.08 22:00,21.558
84,05.08 23:00,21.652
84,06.08 00:00,22.228
84,06.08 01:00,21.308
84,06.08 02:00,20.797
84,06.08 03:00,20.979
84,06.08 04:00,20.745
84,06.08 05:00,19.375
84,06.08 06:00,20.409
84,06.08 07:00,20.07
84,06.08 08:00,20.832
84,06.08 09:00,20.365
84,06.08 10:00,21.847
84,06.08 11:00,26.598
84,06.08 12:00,25.666
84,06.08 13:00,27.167
84,06.08 14:00,25.623
84,06.08 15:00,27.462
84,06.08 16:00,25.991
84,06.08 17:00,23.679
84,06.08 18:00,22.95
84,06.08 19:00,22.385
84,06.08 20:00,21.652
84,06.08 21:00,20.728
84,06.08 22:00,22.504
84,06.08 23:00,23.007
84,07.08 00:00,21.428
84,07.08 01:00,21.935
84,07.08 02:00,20.218
84,07.08 03:00,21.617
84,07.08 04:00,21.191
84,07.08 05:00,20.227
84,07.08 06:00,21.509
84,07.08 07:00,22.245
84,07.08 08:00,20.859
84,07.08 09:00,19.576
84,07.08 10:00,21.131
84,07.08 11:00,22.55
84,07.08 12:00,21.509
84,07.08 13:00,22.901
84,07.08 14:00,23.327
84,07.08 15:00,23.508
84,07.08 16:00,22.329
84,07.08 17:00,22.984
84,07.08 18:00,23.383
84,07.08 19:00,22.926
84,07.08 20:00,22.803
84,07.08 21:00,21.656
84,07.08 22:00,23.289
84,07.08 23:00,23.457
84,08.08 00:00,25.885
84,08.08 01:00,26.669
84,08.08 02:00,26.63
84,08.08 03:00,26.434
84,08.08 04:00,26.789
84,08.08 05:00,26.246
84,08.08 06:00,25.911
84,08.08 07:00,25.576
84,08.08 08:00,23.26
84,08.08 09:00,22.607
84,08.08 10:00,21.84
84,08.08 11:00,22.783
84,08.08 12:00,22.815
84,08.08 13:00,22.426
84,08.08 14:00,23.794
84,08.08 15:00,22.04
84,08.08 16:00,21.78
84,08.08 17:00,21.112
84,08.08 18:00,21.703
84,08.08 19:00,21.198
84,08.08 20:00,21.169
84,08.08 21:00,21.416
84,08.08 22:00,21.192
84,08.08 23:00,21.824
84,09.08 00:00,24.883
84,09.08 01:00,25.381
84,09.08 02:00,24.816
84,09.08 03:00,24.683
84,09.08 04:00,24.254
84,09.08 05:00,24.275
84,09.08 06:00,21.174
84,09.08 07:00,19.84
84,09.08 08:00,19.879
84,09.08 09:00,20.886
84,09.08 10:00,26.472
84,09.08 11:00,26.713
84,09.08 12:00,29.019
84,09.08 13:00,26.315
84,09.08 14:00,30.441
84,09.08 15:00,28.431
84,09.08 16:00,22.596
84,09.08 17:00,22.936
84,09.08 18:00,21.407
84,09.08 19:00,21.426
84,09.08 20:00,20.673
84,09.08 21:00,20.552
84,09.08 22:00,21.074
84,09.08 23:00,20.839
84,10.08 00:00,19.658
84,10.08 01:00,19.686
84,10.08 02:00,19.632
84,10.08 03:00,19.777
84,10.08 04:00,18.288
84,10.08 05:00,19.077
84,10.08 06:00,19.978
84,10.08 07:00,19.982
84,10.08 08:00,18.574
84,10.08 09:00,20.968
84,10.08 10:00,22.381
84,10.08 11:00,22.801
84,10.08 12:00,22.669
84,10.08 13:00,25.599
84,10.08 14:00,27.597
84,10.08 15:00,24.57
84,10.08 16:00,20.989
84,10.08 17:00,21.069
84,10.08 18:00,19.732
84,10.08 19:00,20.402
84,10.08 20:00,20.636
84,10.08 21:00,18.664
84,10.08 22:00,21.54
84,10.08 23:00,19.655
84,11.08 00:00,19.468
84,11.08 01:00,19.171
84,11.08 02:00,18.696
84,11.08 03:00,19.574
84,11.08 04:00,18.644
84,11.08 05:00,19.002
84,11.08 06:00,19.779
84,11.08 07:00,17.345
84,11.08 08:00,18.607
84,11.08 09:00,19.97
84,11.08 10:00,19.833
84,11.08 11:00,21.029
84,11.08 12:00,23.207
84,11.08 13:00,27.277
84,11.08 14:00,25.938
84,11.08 15:00,24.924
84,11.08 16:00,23.627
84,11.08 17:00,21.269
84,11.08 18:00,21.069
84,11.08 19:00,21.527
84,11.08 20:00,22.036
84,11.08 21:00,22.212
84,11.08 22:00,21.265
84,11.08 23:00,20.956
84,12.08 00:00,25.267
84,12.08 01:00,24.708
84,12.08 02:00,25.147
84,12.08 03:00,24.886
84,12.08 04:00,24.822
84,12.08 05:00,26.77
84,12.08 06:00,21.183
84,12.08 07:00,19.424
84,12.08 08:00,19.709
84,12.08 09:00,20.873
84,12.08 10:00,24.147
84,12.08 11:00,24.89
84,12.08 12:00,26.256
84,12.08 13:00,26.346
84,12.08 14:00,26.261
84,12.08 15:00,26.273
84,12.08 16:00,24.742
84,12.08 17:00,23.532
84,12.08 18:00,21.608
84,12.08 19:00,22.333
84,12.08 20:00,24.218
84,12.08 21:00,21.758
84,12.08 22:00,22.031
84,12.08 23:00,21.221
84,13.08 00:00,20.816
84,13.08 01:00,21.587
84,13.08 02:00,20.206
84,13.08 03:00,21.304
84,13.08 04:00,21.056
84,13.08 05:00,20.184
84,13.08 06:00,20.733
84,13.08 07:00,19.092
84,13.08 08:00,19.294
84,13.08 09:00,21.077
84,13.08 10:00,21.974
84,13.08 11:00,23.543
84,13.08 12:00,25.315
84,13.08 13:00,26.499
84,13.08 14:00,26.963
84,13.08 15:00,25.638
84,13.08 16:00,23.761
84,13.08 17:00,22.234
84,13.08 18:00,21.602
84,13.08 19:00,22.764
84,13.08 20:00,20.729
84,13.08 21:00,20.496
84,13.08 22:00,20.528
84,13.08 23:00,21.435
84,14.08 00:00,20.701
84,14.08 01:00,20.377
84,14.08 02:00,21.588
84,14.08 03:00,21.594
84,14.08 04:00,20.125
84,14.08 05:00,20.549
84,14.08 06:00,20.439
84,14.08 07:00,19.617
84,14.08 08:00,19.189
84,14.08 09:00,20.127
84,14.08 10:00,22.234
84,14.08 11:00,22.453
84,14.08 12:00,23.604
84,14.08 13:00,28.484
84,14.08 14:00,24.124
84,14.08 15:00,24.199
84,14.08 16:00,21.784
84,14.08 17:00,20.477
84,14.08 18:00,21.081
84,14.08 19:00,20.524
84,14.08 20:00,21.129
84,14.08 21:00,20.391
84,14.08 22:00,20.609
84,14.08 23:00,21.091
84,15.08 00:00,21.605
84,15.08 01:00,20.115
84,15.08 02:00,20.526
84,15.08 03:00,21.084
84,15.08 04:00,19.856
84,15.08 05:00,19.714
84,15.08 06:00,20.673
84,15.08 07:00,19.772
84,15.08 08:00,21.59
84,15.08 09:00,20.943
84,15.08 10:00,22.926
84,15.08 11:00,24.57
84,15.08 12:00,25.499
84,15.08 13:00,27.554
84,15.08 14:00,24.574
84,15.08 15:00,25.078
84,15.08 16:00,23.609
84,15.08 17:00,22.848
84,15.08 18:00,23.034
84,15.08 19:00,22.479
84,15.08 20:00,23.039
84,15.08 21:00,21.094
84,15.08 22:00,23.89
84,15.08 23:00,21.657
84,16.08 00:00,20.968
84,16.08 01:00,20.344
84,16.08 02:00,20.02
84,16.08 03:00,21.071
84,16.08 04:00,21.595
84,16.08 05:00,21.207
84,16.08 06:00,21.972
84,16.08 07:00,19.763
84,16.08 08:00,21.032
84,16.08 09:00,21.366
84,16.08 10:00,26.423
84,16.08 11:00,25.764
84,16.08 12:00,23.257
84,16.08 13:00,25.332
84,16.08 14:00,25.155
84,16.08 15:00,24.447
84,16.08 16:00,18.682
84,16.08 17:00,19.388
84,16.08 18:00,18.772
84,16.08 19:00,17.961
84,16.08 20:00,18.407
84,16.08 21:00,19.249
84,16.08 22:00,18.732
84,16.08 23:00,18.057
84,17.08 00:00,17.766
84,17.08 01:00,18.181
84,17.08 02:00,16.809
84,17.08 03:00,18.171
84,17.08 04:00,17.059
84,17.08 05:00,18.346
84,17.08 06:00,19.108
84,17.08 07:00,17.385
84,17.08 08:00,17.215
84,17.08 09:00,17.448
84,17.08 10:00,20.447
84,17.08 11:00,20.409
84,17.08 12:00,22.292
84,17.08 13:00,23.019
84,17.08 14:00,25.366
84,17.08 15:00,25.622
84,17.08 16:00,24.211
84,17.08 17:00,23.862
84,17.08 18:00,22.557
84,17.08 19:00,24.276
84,17.08 20:00,24.488
84,17.08 21:00,22.445
84,17.08 22:00,22.259
84,17.08 23:00,22.062
84,18.08 00:00,21.29
84,18.08 01:00,21.187
84,18.08 02:00,20.769
84,18.08 03:00,22.528
84,18.08 04:00,21.199
84,18.08 05:00,20.231
84,18.08 06:00,20.343
84,18.08 07:00,20.45
84,18.08 08:00,19.959
84,18.08 09:00,22.371
84,18.08 10:00,26.759
84,18.08 11:00,28.389
84,18.08 12:00,25.978
84,18.08 13:00,25.176
84,18.08 14:00,27.152
84,18.08 15:00,26.63
84,18.08 16:00,25.257
84,18.08 17:00,25.467
84,18.08 18:00,25.624
84,18.08 19:00,24.344
84,18.08 20:00,22.711
84,18.08 21:00,22.132
84,18.08 22:00,23.026
84,18.08 23:00,22.586
84,19.08 00:00,22.303
84,19.08 01:00,23.866
84,19.08 02:00,22.345
84,19.08 03:00,21.192
84,19.08 04:00,22.366
84,19.08 05:00,20.447
84,19.08 06:00,20.522
84,19.08 07:00,20.036
84,19.08 08:00,20.615
84,19.08 09:00,26.083
84,19.08 10:00,24.677
84,19.08 11:00,25.93
84,19.08 12:00,24.586
84,19.08 13:00,26.755
84,19.08 14:00,27.601
84,19.08 15:00,28.232
84,19.08 16:00,27.75
84,19.08 17:00,26.157
84,19.08 18:00,26.331
84,19.08 19:00,24.689
84,19.08 20:00,24.27
84,19.08 21:00,24.599
84,19.08 22:00,23.712
84,19.08 23:00,22.798
84,20.08 00:00,22.948
84,20.08 01:00,22.603
84,20.08 02:00,22.391
84,20.08 03:00,21.543
84,20.08 04:00,22.5
84,20.08 05:00,22.342
84,20.08 06:00,20.939
84,20.08 07:00,20.651
84,20.08 08:00,20.793
84,20.08 09:00,20.338
84,20.08 10:00,21.826
84,20.08 11:00,22.951
84,20.08 12:00,27.92
84,20.08 13:00,27.914
84,20.08 14:00,27.113
84,20.08 15:00,27.398
84,20.08 16:00,25.694
84,20.08 17:00,25.747
84,20.08 18:00,24.459
84,20.08 19:00,24.828
84,20.08 20:00,27.134
84,20.08 21:00,23.56
84,20.08 22:00,24.159
84,20.08 23:00,22.644
84,21.08 00:00,22.938
84,21.08 01:00,22.471
84,21.08 02:00,21.905
84,21.08 03:00,23.2
84,21.08 04:00,23.899
84,21.08 05:00,22.226
84,21.08 06:00,21.717
84,21.08 07:00,21.295
84,21.08 08:00,21.138
84,21.08 09:00,22.241
84,21.08 10:00,21.081
84,21.08 11:00,22.275
84,21.08 12:00,28.225
84,21.08 13:00,26.739
84,21.08 14:00,27.629
84,21.08 15:00,27.761
84,21.08 16:00,26.756
84,21.08 17:00,25.771
84,21.08 18:00,26.817
84,21.08 19:00,28.013
84,21.08 20:00,24.424
84,21.08 21:00,23.415
84,21.08 22:00,25.247
84,21.08 23:00,24.529
84,22.08 00:00,27.279
84,22.08 01:00,26.79
84,22.08 02:00,25.528
84,22.08 03:00,29.288
84,22.08 04:00,26.233
84,22.08 05:00,26.142
84,22.08 06:00,26.714
84,22.08 07:00,24.285
84,22.08 08:00,24.162
84,22.08 09:00,24.557
84,22.08 10:00,26.229
84,22.08 11:00,27.124
84,22.08 12:00,26.685
84,22.08 13:00,26.131
84,22.08 14:00,26.614
84,22.08 15:00,24.875
84,22.08 16:00,24.826
84,22.08 17:00,26.248
84,22.08 18:00,26.934
84,22.08 19:00,24.489
84,22.08 20:00,24.067
84,22.08 21:00,24.177
84,22.08 22:00,23.827
84,22.08 23:00,23.535
84,23.08 00:00,25.309
84,23.08 01:00,28.65
84,23.08 02:00,26.035
84,23.08 03:00,23.545
84,23.08 04:00,23.475
84,23.08 05:00,21.564
84,23.08 06:00,22.158
84,23.08 07:00,20.599
84,23.08 08:00,21.651
84,23.08 09:00,26.144
84,23.08 10:00,25.815
84,23.08 11:00,26.409
84,23.08 12:00,27.043
84,23.08 13:00,29.249
84,23.08 14:00,29.633
84,23.08 15:00,30.377
84,23.08 16:00,27.559
84,23.08 17:00,26.429
84,23.08 18:00,25.883
84,23.08 19:00,24.769
84,23.08 20:00,24.285
84,23.08 21:00,23.099
84,23.08 22:00,24.017
84,23.08 23:00,23.865
84,24.08 00:00,22.598
84,24.08 01:00,22.697
84,24.08 02:00,22.764
84,24.08 03:00,22.032
84,24.08 04:00,22.144
84,24.08 05:00,21.008
84,24.08 06:00,23.307
84,24.08 07:00,21.673
84,24.08 08:00,20.257
84,24.08 09:00,22.692
84,24.08 10:00,22.207
84,24.08 11:00,22.181
84,24.08 12:00,23.995
84,24.08 13:00,30.339
84,24.08 14:00,29.951
84,24.08 15:00,26.307
84,24.08 16:00,24.747
84,24.08 17:00,25.114
84,24.08 18:00,24.899
84,24.08 19:00,24.441
84,24.08 20:00,23.15
84,24.08 21:00,24.572
84,24.08 22:00,23.519
84,24.08 23:00,22.431
84,25.08 00:00,26.026
84,25.08 01:00,26.473
84,25.08 02:00,25.716
84,25.08 03:00,26.64
84,25.08 04:00,26.095
84,25.08 05:00,27.662
84,25.08 06:00,26.153
84,25.08 07:00,24.643
84,25.08 08:00,24.341
84,25.08 09:00,29.082
84,25.08 10:00,28.496
84,25.08 11:00,25.161
84,25.08 12:00,26.182
84,25.08 13:00,26.439
84,25.08 14:00,28.473
84,25.08 15:00,27.717
84,25.08 16:00,25.022
84,25.08 17:00,24.075
84,25.08 18:00,25.402
84,25.08 19:00,23.979
84,25.08 20:00,23.037
84,25.08 21:00,22.399
84,25.08 22:00,21.736
84,25.08 23:00,21.973
84,26.08 00:00,1.967
84,26.08 05:00,23.926
84,26.08 06:00,20.95
84,26.08 07:00,19.652
84,26.08 08:00,21.969
84,26.08 09:00,25.413
84,26.08 10:00,28.347
84,26.08 11:00,25.943
84,26.08 12:00,26.214
84,26.08 13:00,26.476
84,26.08 14:00,29.555
84,26.08 15:00,31.284
84,26.08 16:00,28.819
84,26.08 17:00,27.342
84,26.08 18:00,31.103
84,26.08 19:00,29.945
84,26.08 20:00,28.957
84,26.08 21:00,25.946
84,26.08 22:00,23.91
84,26.08 23:00,23.618
84,27.08 00:00,23.542
84,27.08 01:00,22.214
84,27.08 02:00,23.082
84,27.08 03:00,22.17
84,27.08 04:00,23.867
84,27.08 05:00,22.955
84,27.08 06:00,22.755
84,27.08 07:00,21.619
84,27.08 08:00,21.91
84,27.08 09:00,22.666
84,27.08 10:00,22.773
84,27.08 11:00,24.178
84,27.08 12:00,25.697
84,27.08 13:00,26.569
84,27.08 14:00,27.102
84,27.08 15:00,27.641
84,27.08 16:00,25.746
84,27.08 17:00,22.606
84,27.08 18:00,24.002
84,27.08 19:00,23.657
84,27.08 20:00,24.621
84,27.08 21:00,23.605
84,27.08 22:00,22.773
84,27.08 23:00,22.363
84,28.08 00:00,22.259
84,28.08 01:00,22.727
84,28.08 02:00,22.772
84,28.08 03:00,23.129
84,28.08 04:00,24.433
84,28.08 05:00,21.519
84,28.08 06:00,21.744
84,28.08 07:00,21.779
84,28.08 08:00,21.189
84,28.08 09:00,22.349
84,28.08 10:00,22.209
84,28.08 11:00,23.589
84,28.08 12:00,26.308
84,28.08 13:00,27.616
84,28.08 14:00,27.318
84,28.08 15:00,28.024
84,28.08 16:00,27.006
84,28.08 17:00,26.382
84,28.08 18:00,26.342
84,28.08 19:00,29.024
84,28.08 20:00,24.49
84,28.08 21:00,25.105
84,28.08 22:00,24.423
84,28.08 23:00,24.581
84,29.08 00:00,28.173
84,29.08 01:00,28.889
84,29.08 02:00,28.05
84,29.08 03:00,30.449
84,29.08 04:00,26.378
84,29.08 05:00,27.755
84,29.08 06:00,27.249
84,29.08 07:00,25.925
84,29.08 08:00,26.36
84,29.08 09:00,25.757
84,29.08 10:00,26.933
84,29.08 11:00,25.961
84,29.08 12:00,24.711
84,29.08 13:00,24.142
84,29.08 14:00,24.559
84,29.08 15:00,24.721
84,29.08 16:00,22.609
84,29.08 17:00,23.163
84,29.08 18:00,21.295
84,29.08 19:00,20.724
84,29.08 20:00,21.053
84,29.08 21:00,22.124
84,29.08 22:00,20.735
84,29.08 23:00,21.064
84,30.08 00:00,20.531
84,30.08 01:00,21.31
84,30.08 02:00,21.813
84,30.08 03:00,20.345
84,30.08 04:00,20.351
84,30.08 05:00,20.064
84,30.08 06:00,20.146
84,30.08 07:00,19.485
84,30.08 08:00,20.535
84,30.08 09:00,25.246
84,30.08 10:00,24.142
84,30.08 11:00,26.875
84,30.08 12:00,27.373
84,30.08 13:00,26.994
84,30.08 14:00,26.914
84,30.08 15:00,25.515
84,30.08 16:00,25.048
84,30.08 17:00,21.988
84,30.08 18:00,21.734
84,30.08 19:00,20.759
84,30.08 20:00,20.969
84,30.08 21:00,20.547
84,30.08 22:00,20.94
84,30.08 23:00,21.032
84,31.08 00:00,22.381
84,31.08 01:00,20.823
84,31.08 02:00,20.595
84,31.08 03:00,19.878
84,31.08 04:00,20.2
84,31.08 05:00,20.246
84,31.08 06:00,20.11
84,31.08 07:00,20.055
84,31.08 08:00,21.949
84,31.08 09:00,23.431
84,31.08 10:00,21.18
84,31.08 11:00,23.884
84,31.08 12:00,24.938
84,31.08 13:00,25.004
84,31.08 14:00,23.929
84,31.08 15:00,27.124
84,31.08 16:00,24.58
84,31.08 17:00,21.115
84,31.08 18:00,21.035
84,31.08 19:00,20.275
84,31.08 20:00,19.821
84,31.08 21:00,20.359
84,31.08 22:00,20.315
84,31.08 23:00,19.955
84,01.09 00:00,23.616
84,01.09 01:00,23.65
84,01.09 02:00,23.846
84,01.09 03:00,23.182
84,01.09 04:00,22.592
84,01.09 05:00,23.526
84,01.09 06:00,21.61
84,01.09 07:00,19.869
84,01.09 08:00,18.499
84,01.09 09:00,21.622
84,01.09 10:00,21.264
84,01.09 11:00,22.982
84,01.09 12:00,24.689
84,01.09 13:00,23.858
84,01.09 14:00,25.931
84,01.09 15:00,23.553
84,01.09 16:00,22.544
84,01.09 17:00,19.544
84,01.09 18:00,19.472
84,01.09 19:00,20.343
84,01.09 20:00,19.422
84,01.09 21:00,19.506
84,01.09 22:00,19.513
84,01.09 23:00,20.346
84,02.09 00:00,19.168
84,02.09 01:00,19.668
84,02.09 02:00,20.61
84,02.09 03:00,19.648
84,02.09 04:00,19.907
84,02.09 05:00,20.955
84,02.09 06:00,20.331
84,02.09 07:00,18.984
84,02.09 08:00,19.072
84,02.09 09:00,20.535
84,02.09 10:00,22.042
84,02.09 11:00,22.554
84,02.09 12:00,22.347
84,02.09 13:00,25.136
84,02.09 14:00,25.414
84,02.09 15:00,24.405
84,02.09 16:00,24.32
84,02.09 17:00,22.906
84,02.09 18:00,22.337
84,02.09 19:00,22.027
84,02.09 20:00,21.119
84,02.09 21:00,22.562
84,02.09 22:00,22.228
84,02.09 23:00,21.116
84,03.09 00:00,20.342
84,03.09 01:00,20.145
84,03.09 02:00,21.303
84,03.09 03:00,21.556
84,03.09 04:00,21.555
84,03.09 05:00,23.489
84,03.09 06:00,21.302
84,03.09 07:00,20.194
84,03.09 08:00,20.621
84,03.09 09:00,21.396
84,03.09 10:00,22.371
84,03.09 11:00,21.667
84,03.09 12:00,22.926
84,03.09 13:00,23.468
84,03.09 14:00,23.1
84,03.09 15:00,23.241
84,03.09 16:00,20.84
84,03.09 17:00,20.728
84,03.09 18:00,20.281
84,03.09 19:00,20.63
84,03.09 20:00,21.822
84,03.09 21:00,20.102
84,03.09 22:00,19.336
84,03.09 23:00,19.107
84,04.09 00:00,19.111
84,04.09 01:00,18.623
84,04.09 02:00,19.092
84,04.09 03:00,18.771
84,04.09 04:00,21.117
84,04.09 05:00,18.677
84,04.09 06:00,17.949
84,04.09 07:00,17.243
84,04.09 08:00,17.715
84,04.09 09:00,17.842
84,04.09 10:00,19.152
84,04.09 11:00,20.022
84,04.09 12:00,25.057
84,04.09 13:00,24.261
84,04.09 14:00,25.132
84,04.09 15:00,24.496
84,04.09 16:00,24.561
84,04.09 17:00,22.685
84,04.09 18:00,21.518
84,04.09 19:00,23.025
84,04.09 20:00,22.296
84,04.09 21:00,21.503
84,04.09 22:00,22.114
84,04.09 23:00,21.336
84,05.09 00:00,21.284
84,05.09 01:00,21.002
84,05.09 02:00,21.131
84,05.09 03:00,22.469
84,05.09 04:00,22.048
84,05.09 05:00,20.006
84,05.09 06:00,20.712
84,05.09 07:00,19.253
84,05.09 08:00,19.527
84,05.09 09:00,21.197
84,05.09 10:00,21.498
84,05.09 11:00,22.971
84,05.09 12:00,22.0
84,05.09 13:00,22.208
84,05.09 14:00,21.74
84,05.09 15:00,21.004
84,05.09 16:00,21.576
84,05.09 17:00,22.073
84,05.09 18:00,21.695
84,05.09 19:00,23.587
84,05.09 20:00,21.336
84,05.09 21:00,20.957
84,05.09 22:00,21.135
84,05.09 23:00,19.791
84,06.09 00:00,20.489
84,06.09 01:00,20.005
84,06.09 02:00,20.673
84,06.09 03:00,21.387
84,06.09 04:00,20.164
84,06.09 05:00,19.586
84,06.09 06:00,19.754
84,06.09 07:00,18.274
84,06.09 08:00,19.11
84,06.09 09:00,24.289
84,06.09 10:00,26.345
84,06.09 11:00,26.51
84,06.09 12:00,25.435
84,06.09 13:00,24.091
84,06.09 14:00,25.161
84,06.09 15:00,27.21
84,06.09 16:00,22.926
84,06.09 17:00,21.278
84,06.09 18:00,20.607
84,06.09 19:00,19.339
84,06.09 20:00,20.063
84,06.09 21:00,20.713
84,06.09 22:00,19.429
84,06.09 23:00,17.834
84,07.09 00:00,19.173
84,07.09 01:00,18.588
84,07.09 02:00,18.328
84,07.09 03:00,18.448
84,07.09 04:00,17.738
84,07.09 05:00,18.68
84,07.09 06:00,18.139
84,07.09 07:00,16.221
84,07.09 08:00,16.675
84,07.09 09:00,19.514
84,07.09 10:00,23.015
84,07.09 11:00,23.857
84,07.09 12:00,23.832
84,07.09 13:00,25.748
84,07.09 14:00,24.714
84,07.09 15:00,24.472
84,07.09 16:00,21.916
84,07.09 17:00,21.309
84,07.09 18:00,21.269
84,07.09 19:00,21.059
84,07.09 20:00,22.164
84,07.09 21:00,17.554
84,07.09 22:00,4.738
84,07.09 23:00,17.963
84,08.09 00:00,18.224
84,08.09 01:00,19.127
84,08.09 02:00,20.181
84,08.09 03:00,23.016
84,08.09 04:00,22.721
84,08.09 05:00,21.308
84,08.09 06:00,20.884
84,08.09 07:00,19.917
84,08.09 08:00,18.961
84,08.09 09:00,18.641
84,08.09 10:00,20.492
84,08.09 11:00,12.805
84,08.09 12:00,24.515
84,08.09 13:00,23.22
84,08.09 14:00,25.617
84,08.09 15:00,24.554
84,08.09 16:00,23.602
84,08.09 17:00,22.052
84,08.09 18:00,22.593
84,08.09 19:00,21.324
84,08.09 20:00,20.807
84,08.09 21:00,19.711
84,08.09 22:00,19.241
84,08.09 23:00,18.545
84,09.09 00:00,22.109
84,09.09 01:00,22.716
84,09.09 02:00,21.842
84,09.09 03:00,22.485
84,09.09 04:00,22.846
84,09.09 05:00,21.648
84,09.09 06:00,18.3
84,09.09 07:00,17.51
84,09.09 08:00,17.197
84,09.09 09:00,18.787
84,09.09 10:00,21.422
84,09.09 11:00,25.759
84,09.09 12:00,26.766
84,09.09 13:00,25.413
84,09.09 14:00,25.387
84,09.09 15:00,16.746
84,09.09 16:00,32.255
84,09.09 17:00,22.706
84,09.09 18:00,22.976
84,09.09 19:00,23.317
84,09.09 20:00,21.99
84,09.09 21:00,21.524
84,09.09 22:00,21.312
84,09.09 23:00,20.878
84,10.09 00:00,20.392
84,10.09 01:00,20.254
84,10.09 02:00,20.442
84,10.09 03:00,21.736
84,10.09 04:00,18.761
84,10.09 05:00,19.037
84,10.09 06:00,19.081
84,10.09 07:00,18.134
84,10.09 08:00,18.536
84,10.09 09:00,19.756
84,10.09 10:00,21.537
84,10.09 11:00,25.37
84,10.09 12:00,24.268
84,10.09 13:00,25.221
84,10.09 14:00,25.198
84,10.09 15:00,24.543
84,10.09 16:00,24.933
84,10.09 17:00,24.453
84,10.09 18:00,26.151
84,10.09 19:00,23.3
84,10.09 20:00,22.484
84,10.09 21:00,22.09
84,10.09 22:00,22.241
84,10.09 23:00,22.298
84,11.09 00:00,21.887
84,11.09 01:00,23.729
84,11.09 02:00,22.216
84,11.09 03:00,21.026
84,11.09 04:00,21.148
84,11.09 05:00,21.008
84,11.09 06:00,21.028
84,11.09 07:00,20.343
84,11.09 08:00,21.136
84,11.09 09:00,22.722
84,11.09 10:00,21.742
84,11.09 11:00,23.456
84,11.09 12:00,25.138
84,11.09 13:00,26.264
84,11.09 14:00,27.518
84,11.09 15:00,26.807
84,11.09 16:00,23.916
84,11.09 17:00,22.717
84,11.09 18:00,21.625
84,11.09 19:00,22.021
84,11.09 20:00,20.901
84,11.09 21:00,20.729
84,11.09 22:00,21.111
84,11.09 23:00,21.919
84,12.09 00:00,24.403
84,12.09 01:00,24.29
84,12.09 02:00,24.772
84,12.09 03:00,23.513
84,12.09 04:00,23.839
84,12.09 05:00,24.336
84,12.09 06:00,25.17
84,12.09 07:00,23.378
84,12.09 08:00,22.819
84,12.09 09:00,22.504
84,12.09 10:00,23.085
84,12.09 11:00,23.126
84,12.09 12:00,24.681
84,12.09 13:00,26.066
84,12.09 14:00,25.032
84,12.09 15:00,22.865
84,12.09 16:00,22.636
84,12.09 17:00,23.01
84,12.09 18:00,12.871
84,12.09 19:00,30.176
84,12.09 20:00,21.459
84,12.09 21:00,22.521
84,12.09 22:00,20.485
84,12.09 23:00,20.339
84,13.09 00:00,24.161
84,13.09 01:00,24.855
84,13.09 02:00,24.408
84,13.09 03:00,23.934
84,13.09 04:00,24.212
84,13.09 05:00,23.987
84,13.09 06:00,18.365
84,13.09 07:00,18.972
84,13.09 08:00,18.958
84,13.09 09:00,19.638
84,13.09 10:00,23.343
84,13.09 11:00,24.841
84,13.09 12:00,25.604
84,13.09 13:00,24.731
84,13.09 14:00,26.128
84,13.09 15:00,25.094
84,13.09 16:00,23.435
84,13.09 17:00,21.624
84,13.09 18:00,21.708
84,13.09 19:00,22.268
84,13.09 20:00,21.255
84,13.09 21:00,20.156
84,13.09 22:00,20.139
84,13.09 23:00,19.565
84,14.09 00:00,20.485
84,14.09 01:00,19.898
84,14.09 02:00,20.461
84,14.09 03:00,21.129
84,14.09 04:00,20.724
84,14.09 05:00,19.271
84,14.09 06:00,19.51
84,14.09 07:00,18.601
84,14.09 08:00,18.913
84,14.09 09:00,20.095
84,14.09 10:00,22.53
84,14.09 11:00,22.457
84,14.09 12:00,25.286
84,14.09 13:00,25.044
84,14.09 14:00,26.53
84,14.09 15:00,28.124
84,14.09 16:00,26.223
84,14.09 17:00,25.31
84,14.09 18:00,25.417
84,14.09 19:00,23.924
84,14.09 20:00,22.539
84,14.09 21:00,23.186
84,14.09 22:00,22.749
84,14.09 23:00,22.774
84,15.09 00:00,22.826
84,15.09 01:00,23.535
84,15.09 02:00,22.831
84,15.09 03:00,22.839
84,15.09 04:00,22.376
84,15.09 05:00,22.637
84,15.09 06:00,22.334
84,15.09 07:00,21.333
84,15.09 08:00,22.904
84,15.09 09:00,26.067
84,15.09 10:00,25.642
84,15.09 11:00,22.656
84,15.09 12:00,23.665
84,15.09 13:00,24.718
84,15.09 14:00,24.596
84,15.09 15:00,22.67
84,15.09 16:00,23.482
84,15.09 17:00,22.278
84,15.09 18:00,21.923
84,15.09 19:00,22.424
84,15.09 20:00,23.025
84,15.09 21:00,20.828
84,15.09 22:00,20.761
84,15.09 23:00,21.253
84,16.09 00:00,23.632
84,16.09 01:00,22.228
84,16.09 02:00,23.723
84,16.09 03:00,22.697
84,16.09 04:00,23.517
84,16.09 05:00,22.616
84,16.09 06:00,18.591
84,16.09 07:00,19.56
84,16.09 08:00,19.499
84,16.09 09:00,21.614
84,16.09 10:00,20.391
84,16.09 11:00,22.83
84,16.09 12:00,25.09
84,16.09 13:00,24.648
84,16.09 14:00,28.814
84,16.09 15:00,27.542
84,16.09 16:00,23.805
84,16.09 17:00,21.671
84,16.09 18:00,22.019
84,16.09 19:00,21.682
84,16.09 20:00,21.497
84,16.09 21:00,22.22
84,16.09 22:00,20.635
84,16.09 23:00,20.581
84,17.09 00:00,19.447
84,17.09 01:00,18.803
84,17.09 02:00,19.218
84,17.09 03:00,19.523
84,17.09 04:00,20.513
84,17.09 05:00,19.739
84,17.09 06:00,19.211
84,17.09 07:00,17.255
84,17.09 08:00,18.463
84,17.09 09:00,18.945
84,17.09 10:00,20.744
84,17.09 11:00,22.052
84,17.09 12:00,24.311
84,17.09 13:00,24.852
84,17.09 14:00,24.554
84,17.09 15:00,23.873
84,17.09 16:00,21.58
84,17.09 17:00,20.089
84,17.09 18:00,20.6
84,17.09 19:00,21.087
84,17.09 20:00,21.165
84,17.09 21:00,19.042
84,17.09 22:00,20.228
84,17.09 23:00,19.359
84,18.09 00:00,18.301
84,18.09 01:00,19.046
84,18.09 02:00,19.057
84,18.09 03:00,20.871
84,18.09 04:00,19.508
84,18.09 05:00,17.903
84,18.09 06:00,18.25
84,18.09 07:00,17.315
84,18.09 08:00,17.472
84,18.09 09:00,17.573
84,18.09 10:00,20.341
84,18.09 11:00,21.452
84,18.09 12:00,20.801
84,18.09 13:00,24.191
84,18.09 14:00,25.172
84,18.09 15:00,24.887
84,18.09 16:00,22.953
84,18.09 17:00,21.486
84,18.09 18:00,24.49
84,18.09 19:00,21.312
84,18.09 20:00,21.071
84,18.09 21:00,19.861
84,18.09 22:00,21.229
84,18.09 23:00,19.283
84,19.09 00:00,23.526
84,19.09 01:00,24.623
84,19.09 02:00,24.992
84,19.09 03:00,23.629
84,19.09 04:00,24.078
84,19.09 05:00,23.46
84,19.09 06:00,22.411
84,19.09 07:00,21.354
84,19.09 08:00,20.532
84,19.09 09:00,22.669
84,19.09 10:00,22.892
84,19.09 11:00,24.307
84,19.09 12:00,25.113
84,19.09 13:00,24.125
84,19.09 14:00,30.085
84,19.09 15:00,28.631
84,19.09 16:00,26.445
84,19.09 17:00,22.833
84,19.09 18:00,23.057
84,19.09 19:00,22.649
84,19.09 20:00,22.141
84,19.09 21:00,21.45
84,19.09 22:00,21.45
84,19.09 23:00,22.624
84,20.09 00:00,21.948
84,20.09 01:00,21.234
84,20.09 02:00,20.278
84,20.09 03:00,20.77
84,20.09 04:00,20.525
84,20.09 05:00,20.376
84,20.09 06:00,20.617
84,20.09 07:00,21.357
84,20.09 08:00,21.515
84,20.09 09:00,23.966
84,20.09 10:00,24.097
84,20.09 11:00,25.957
84,20.09 12:00,28.232
84,20.09 13:00,28.095
84,20.09 14:00,30.068
84,20.09 15:00,27.929
84,20.09 16:00,25.985
84,20.09 17:00,23.918
84,20.09 18:00,24.637
84,20.09 19:00,22.754
84,20.09 20:00,22.246
84,20.09 21:00,23.631
84,20.09 22:00,21.989
84,20.09 23:00,22.32
84,21.09 00:00,22.17
84,21.09 01:00,21.551
84,21.09 02:00,21.082
84,21.09 03:00,22.104
84,21.09 04:00,21.88
84,21.09 05:00,22.726
84,21.09 06:00,20.935
84,21.09 07:00,20.714
84,21.09 08:00,19.77
84,21.09 09:00,19.908
84,21.09 10:00,23.479
84,21.09 11:00,28.578
84,21.09 12:00,30.663
84,21.09 13:00,28.573
84,21.09 14:00,27.272
84,21.09 15:00,30.744
84,21.09 16:00,25.94
84,21.09 17:00,23.912
84,21.09 18:00,23.853
84,21.09 19:00,22.561
84,21.09 20:00,21.69
84,21.09 21:00,21.753
84,21.09 22:00,21.465
84,21.09 23:00,21.157
84,22.09 00:00,21.603
84,22.09 01:00,23.077
84,22.09 02:00,21.527
84,22.09 03:00,22.148
84,22.09 04:00,22.403
84,22.09 05:00,21.097
84,22.09 06:00,21.306
84,22.09 07:00,21.0
84,22.09 08:00,22.098
84,22.09 09:00,23.948
84,22.09 10:00,25.861
84,22.09 11:00,27.284
84,22.09 12:00,28.346
84,22.09 13:00,27.533
84,22.09 14:00,29.829
84,22.09 15:00,30.962
84,22.09 16:00,29.546
84,22.09 17:00,26.333
84,22.09 18:00,23.73
84,22.09 19:00,22.4
84,22.09 20:00,22.278
84,22.09 21:00,22.595
84,22.09 22:00,24.086
84,22.09 23:00,24.233
84,23.09 00:00,25.686
84,23.09 01:00,25.681
84,23.09 02:00,25.677
84,23.09 03:00,24.808
84,23.09 04:00,25.273
84,23.09 05:00,25.244
84,23.09 06:00,21.644
84,23.09 07:00,20.781
84,23.09 08:00,21.741
84,23.09 09:00,26.912
84,23.09 10:00,23.67
84,23.09 11:00,26.646
84,23.09 12:00,29.683
84,23.09 13:00,30.867
84,23.09 14:00,31.961
84,23.09 15:00,30.734
84,23.09 16:00,29.431
84,23.09 17:00,24.79
84,23.09 18:00,22.483
84,23.09 19:00,23.187
84,23.09 20:00,23.841
84,23.09 21:00,22.753
84,23.09 22:00,22.497
84,23.09 23:00,22.919
84,24.09 00:00,22.316
84,24.09 01:00,21.119
84,24.09 02:00,22.088
84,24.09 03:00,20.865
84,24.09 04:00,23.949
84,24.09 05:00,21.546
84,24.09 06:00,21.214
84,24.09 07:00,20.891
84,24.09 08:00,20.915
84,24.09 09:00,21.24
84,24.09 10:00,22.901
84,24.09 11:00,27.084
84,24.09 12:00,29.144
84,24.09 13:00,26.624
84,24.09 14:00,28.801
84,24.09 15:00,28.428
84,24.09 16:00,26.188
84,24.09 17:00,23.15
84,24.09 18:00,22.144
84,24.09 19:00,24.742
84,24.09 20:00,22.011
84,24.09 21:00,22.827
84,24.09 22:00,21.539
84,24.09 23:00,21.986
84,25.09 00:00,21.517
84,25.09 01:00,20.817
84,25.09 02:00,22.113
84,25.09 03:00,21.942
84,25.09 04:00,20.75
84,25.09 05:00,20.921
84,25.09 06:00,20.326
84,25.09 07:00,19.8
84,25.09 08:00,19.368
84,25.09 09:00,20.858
84,25.09 10:00,23.251
84,25.09 11:00,23.068
84,25.09 12:00,24.928
84,25.09 13:00,26.341
84,25.09 14:00,27.448
84,25.09 15:00,26.454
84,25.09 16:00,25.19
84,25.09 17:00,23.729
84,25.09 18:00,23.26
84,25.09 19:00,23.396
84,25.09 20:00,20.537
84,25.09 21:00,22.911
84,25.09 22:00,21.778
84,25.09 23:00,22.415
84,26.09 00:00,24.379
84,26.09 01:00,28.577
84,26.09 02:00,25.075
84,26.09 03:00,25.971
84,26.09 04:00,25.609
84,26.09 05:00,25.457
84,26.09 06:00,25.027
84,26.09 07:00,23.307
84,26.09 08:00,22.892
84,26.09 09:00,26.202
84,26.09 10:00,29.024
84,26.09 11:00,35.061
84,26.09 12:00,35.208
84,26.09 13:00,28.02
84,26.09 14:00,28.808
84,26.09 15:00,26.098
84,26.09 16:00,21.313
84,26.09 17:00,21.441
84,26.09 18:00,20.726
84,26.09 19:00,20.661
84,26.09 20:00,20.349
84,26.09 21:00,20.293
84,26.09 22:00,21.567
84,26.09 23:00,20.148
84,27.09 00:00,23.469
84,27.09 01:00,23.263
84,27.09 02:00,24.076
84,27.09 03:00,23.973
84,27.09 04:00,23.444
84,27.09 05:00,20.435
84,27.09 06:00,20.179
84,27.09 07:00,18.476
84,27.09 08:00,18.642
84,27.09 09:00,22.725
84,27.09 10:00,21.274
84,27.09 11:00,24.414
84,27.09 12:00,25.86
84,27.09 13:00,27.443
84,27.09 14:00,24.907
84,27.09 15:00,26.252
84,27.09 16:00,24.099
84,27.09 17:00,23.117
84,27.09 18:00,21.313
84,27.09 19:00,20.692
84,27.09 20:00,22.707
84,27.09 21:00,21.335
84,27.09 22:00,20.348
84,27.09 23:00,19.623
84,28.09 00:00,19.871
84,28.09 01:00,19.367
84,28.09 02:00,20.501
84,28.09 03:00,20.051
84,28.09 04:00,21.689
84,28.09 05:00,19.159
84,28.09 06:00,19.35
84,28.09 07:00,17.851
84,28.09 08:00,20.74
84,28.09 09:00,27.11
84,28.09 10:00,26.134
84,28.09 11:00,27.295
84,28.09 12:00,25.632
84,28.09 13:00,26.874
84,28.09 14:00,25.363
84,28.09 15:00,34.125
84,28.09 16:00,25.552
84,28.09 17:00,21.077
84,28.09 18:00,9.402
84,28.09 19:00,14.063
84,28.09 20:00,15.064
84,28.09 21:00,9.173
84,28.09 22:00,7.764
84,28.09 23:00,18.334
84,29.09 00:00,21.48
84,29.09 01:00,23.59
84,29.09 02:00,14.046
84,29.09 03:00,21.187
84,29.09 04:00,23.338
84,29.09 05:00,15.217
84,29.09 06:00,18.312
84,29.09 07:00,21.922
84,29.09 08:00,18.405
84,29.09 09:00,17.999
84,29.09 10:00,18.783
84,29.09 11:00,14.672
84,29.09 12:00,19.299
84,29.09 13:00,21.671
84,29.09 14:00,25.928
84,29.09 15:00,24.336
84,29.09 16:00,21.78
84,29.09 17:00,21.324
84,29.09 18:00,20.312
84,29.09 19:00,20.476
84,29.09 20:00,21.335
84,29.09 21:00,20.811
84,29.09 22:00,20.213
84,29.09 23:00,19.246
84,30.09 00:00,23.144
84,30.09 01:00,24.096
84,30.09 02:00,23.595
84,30.09 03:00,23.772
84,30.09 04:00,24.602
84,30.09 05:00,23.53
84,30.09 06:00,18.778
84,30.09 07:00,18.114
84,30.09 08:00,19.896
84,30.09 09:00,26.737
84,30.09 10:00,25.145
84,30.09 11:00,25.184
84,30.09 12:00,25.586
84,30.09 13:00,25.408
84,30.09 14:00,26.186
84,30.09 15:00,26.126
84,30.09 16:00,23.623
84,30.09 17:00,22.194
84,30.09 18:00,22.254
84,30.09 19:00,20.137
84,30.09 20:00,21.374
84,30.09 21:00,19.566
84,30.09 22:00,18.879
84,30.09 23:00,18.174
